Event ID,Date (NPT),Time (NPT),Magnitude,Mag Type,Depth (km),Epicenter / District,Latitude,Longitude,Source Agencies,Agreement Level,Verification URL,Logged At
INC-live-c0d5742f,2026-09-18,11:39:03,4.0,reported,10.0,"2015 earthquake, glacier retreat, warming world: The chain t",28.0903,84.6283,"hindustantimes.com, BIPAD",COMMUNITY_REPORTED,https://seismonepal.gov.np/,2026-09-18 11:39:03 NPT
INC-live-886f929c,2026-09-18,06:31:52,4.0,reported,10.0,Two earthquakes hits northwestern Nepal - thehindu.com,28.0909,85.8343,"thehindu.com, BIPAD",COMMUNITY_REPORTED,https://seismonepal.gov.np/,2026-09-18 06:31:52 NPT
INC-live-0d25f5f0,2026-09-17,21:03:28,4.0,reported,10.0,"Climate change caused Nepal floods, but a 2015 earthquake ma",28.0758,84.6207,"WION, BIPAD",COMMUNITY_REPORTED,https://seismonepal.gov.np/,2026-09-17 21:03:28 NPT
INC-live-0b8a3f59,2026-09-16,20:54:34,4.0,reported,10.0,Two earthquakes jolt northwest Nepal within three hours; no ,28.278,84.3273,"The Times of India, BIPAD",COMMUNITY_REPORTED,https://seismonepal.gov.np/,2026-09-16 20:54:34 NPT
INC-live-8638ca06,2026-09-16,16:02:48,4.0,reported,10.0,Two earthquakes hits northwestern Nepal - The Hindu,27.5761,84.8027,"The Hindu, BIPAD",COMMUNITY_REPORTED,https://seismonepal.gov.np/,2026-09-16 16:02:48 NPT
USGS-7000tiz3,2026-09-16,04:28:11,4.1,mb,10,"57 km NW of Jumla, Nepal",29.6816,81.8227,USGS,INSTRUMENTAL (USGS),https://earthquake.usgs.gov/earthquakes/eventpage/us7000tiz3,2026-09-16 04:28:11 NPT
INC-live-392b6050,2026-09-16,03:58:57,4.0,reported,10.0,How 2015 Earthquake Lessons Guide Response to Nepal’s Recent,27.6552,86.1571,"directrelief.org, BIPAD",COMMUNITY_REPORTED,https://seismonepal.gov.np/,2026-09-16 03:58:57 NPT
USGS-7000tiyx,2026-09-16,01:51:11,4.1,mb,10,"55 km WNW of Jumla, Nepal",29.4419,81.6398,USGS,INSTRUMENTAL (USGS),https://earthquake.usgs.gov/earthquakes/eventpage/us7000tiyx,2026-09-16 01:51:11 NPT
INC-live-a7791275,2026-09-12,15:04:07,5.0,reported,10.0,Earthquake of magnitude 5.0 hits flood-ravaged Nepal - times,26.7433,85.5524,"timesofindia.indiatimes.com, BIPAD",COMMUNITY_REPORTED,https://seismonepal.gov.np/,2026-09-12 15:04:07 NPT
INC-live-f3d22062,2026-09-10,12:23:14,4.0,reported,10.0,"Years before Nepal floods, scientists pitched a novel warnin",28.4571,85.6537,"NBC News, BIPAD",COMMUNITY_REPORTED,https://seismonepal.gov.np/,2026-09-10 12:23:14 NPT
INC-live-7c70d77c,2026-09-10,12:23:14,4.0,reported,10.0,The rebuilding in Nepal needs to start now. This is what wor,27.29,85.9622,"The Conversation, BIPAD",COMMUNITY_REPORTED,https://seismonepal.gov.np/,2026-09-10 12:23:14 NPT
INC-live-2ba5acf4,2026-09-10,03:25:56,4.0,reported,10.0,Nepal Earthquake: Accessibility Lessons for Disaster Respons,27.1846,84.9755,"KARK, BIPAD",COMMUNITY_REPORTED,https://seismonepal.gov.np/,2026-09-10 03:25:56 NPT
INC-live-198f3ef9,2026-09-10,00:35:35,4.0,reported,10.0,5.3-magnitude earthquake hits flood-ravaged Nepal - Free Pre,27.3773,85.4024,"Free Press Kashmir, BIPAD",COMMUNITY_REPORTED,https://seismonepal.gov.np/,2026-09-10 00:35:35 NPT
INC-live-6b1f7183,2026-09-09,17:04:26,5.3,reported,10.0,5.3 magnitude earthquake strikes Nepal days after devastatin,26.7906,85.9198,"wionews.com, BIPAD",COMMUNITY_REPORTED,https://seismonepal.gov.np/,2026-09-09 17:04:26 NPT
INC-live-2af5a941,2026-09-09,17:04:26,4.0,reported,10.0,5.3-magnitude earthquake hits flood-ravaged Nepal - freepres,27.6311,85.2456,"freepresskashmir.news, BIPAD",COMMUNITY_REPORTED,https://seismonepal.gov.np/,2026-09-09 17:04:26 NPT
INC-live-88fdb7dc,2026-09-09,11:45:20,4.0,reported,10.0,Nepal jolted by 5.0 earthquake amid ongoing flood rescue eff,28.142,85.1918,"The Tribune, BIPAD",COMMUNITY_REPORTED,https://seismonepal.gov.np/,2026-09-09 11:45:20 NPT
INC-live-fa402d53,2026-09-09,04:43:07,5.3,reported,10.0,Earthquake measuring 5.3 magnitude strikes Nepal - deccanher,26.811,85.0952,"deccanherald.com, BIPAD",COMMUNITY_REPORTED,https://seismonepal.gov.np/,2026-09-09 04:43:07 NPT
INC-live-f33fd535,2026-09-09,04:43:07,4.0,reported,10.0,An earthquake with a magnitude of 5.0 struck Nepal - UA.NEWS,27.2432,85.2318,"UA.NEWS, BIPAD",COMMUNITY_REPORTED,https://seismonepal.gov.np/,2026-09-09 04:43:07 NPT
INC-live-93c4186d,2026-09-09,02:02:49,5.0,reported,10.0,5.0 Magnitude Earthquake Hits Nepal Nearly Two Weeks After C,27.5679,85.4181,"News18, BIPAD",COMMUNITY_REPORTED,https://seismonepal.gov.np/,2026-09-09 02:02:49 NPT
INC-live-5e6776d3,2026-09-09,02:02:49,5.3,reported,10.0,"Magnitude 5.3 earthquake hits Tibet, tremors felt in Nepal d",26.9981,85.046,"hindustantimes.com, BIPAD",COMMUNITY_REPORTED,https://seismonepal.gov.np/,2026-09-09 02:02:49 NPT
INC-live-1820ade1,2026-09-09,02:02:49,4.0,reported,10.0,"Days after devastating floods, 5.3-magnitude earthquake stri",28.4131,86.1866,"The New Indian Express, BIPAD",COMMUNITY_REPORTED,https://seismonepal.gov.np/,2026-09-09 02:02:49 NPT
INC-live-d5c46983,2026-09-09,02:02:49,4.0,reported,10.0,"5.3-magnitude earthquake strikes Tibet, tremors felt in Nepa",27.3042,84.8393,"India Today, BIPAD",COMMUNITY_REPORTED,https://seismonepal.gov.np/,2026-09-09 02:02:49 NPT
INC-live-83e0033c,2026-09-08,23:15:07,4.0,reported,10.0,Nepal jolted by 5.0-magnitude earthquake days after devastat,26.9181,84.812,"The Economic Times, BIPAD",COMMUNITY_REPORTED,https://seismonepal.gov.np/,2026-09-08 23:15:07 NPT
INC-live-dcfd464b,2026-09-08,23:15:07,5.0,reported,10.0,Earthquake of magnitude 5.0 hits flood-ravaged Nepal - The T,26.7173,84.8093,"The Times of India, BIPAD",COMMUNITY_REPORTED,https://seismonepal.gov.np/,2026-09-08 23:15:07 NPT
USGS-7000tfur,2026-09-08,21:53:34,4.9,mb,10,"89 km NNE of Chitre, Nepal",29.2001,83.9584,USGS,INSTRUMENTAL (USGS),https://earthquake.usgs.gov/earthquakes/eventpage/us7000tfur,2026-09-08 21:53:34 NPT
INC-live-60fd22ff,2026-09-05,18:26:43,4.0,reported,10.0,"Deployable command, control system critical to Nepal earthqu",26.9535,86.153,"DVIDS, BIPAD",COMMUNITY_REPORTED,https://seismonepal.gov.np/,2026-09-05 18:26:43 NPT
INC-live-ee16c358,2026-09-04,01:36:33,4.0,reported,10.0,Earthquake of magnitude 5 strikes Tibet days after floods in,26.9959,85.4219,"Deccan Herald, BIPAD",COMMUNITY_REPORTED,https://seismonepal.gov.np/,2026-09-04 01:36:33 NPT
INC-live-2c35c9ae,2026-09-03,22:59:05,5.0,reported,10.0,Magnitude 5.0 Earthquake Strikes Tibet Days After Deadly Nep,26.751,84.7626,"Deccan Chronicle, BIPAD",COMMUNITY_REPORTED,https://seismonepal.gov.np/,2026-09-03 22:59:05 NPT
INC-live-beeaf01d,2026-09-03,22:59:05,4.0,reported,10.0,Earthquake of magnitude 5 strikes Tibet days after monster f,26.7495,84.4984,"India Today, BIPAD",COMMUNITY_REPORTED,https://seismonepal.gov.np/,2026-09-03 22:59:05 NPT
INC-live-6cbca460,2026-09-03,14:56:21,4.0,reported,10.0,MSF's response to the 2015 Nepal earthquake - doctorswithout,28.3003,85.3529,"doctorswithoutborders.org, BIPAD",COMMUNITY_REPORTED,https://seismonepal.gov.np/,2026-09-03 14:56:21 NPT
INC-live-513c99e6,2026-09-03,14:56:21,4.0,reported,10.0,5-magnitude earthquake strikes Tibet days after Nepal glacie,27.8606,84.8805,"Firstpost, BIPAD",COMMUNITY_REPORTED,https://seismonepal.gov.np/,2026-09-03 14:56:21 NPT
INC-live-cb10f158,2026-09-03,14:56:21,4.0,reported,10.0,2015 Nepal earthquake: MSF's logistical challenges - doctors,27.4835,84.7167,"doctorswithoutborders.org, BIPAD",COMMUNITY_REPORTED,https://seismonepal.gov.np/,2026-09-03 14:56:21 NPT
INC-live-5ea27aaa,2026-09-03,14:56:21,4.0,reported,10.0,"Seismic waves from Nepal’s landslide-flood reached Alaska, a",27.6081,84.407,"earthquake.alaska.edu, BIPAD",COMMUNITY_REPORTED,https://seismonepal.gov.np/,2026-09-03 14:56:21 NPT
INC-live-bdaf43ed,2026-09-03,03:33:09,4.0,reported,10.0,Earthquake and landslide trigger Nepal deadly floods - editi,27.3444,84.6803,"edition.cnn.com, BIPAD",COMMUNITY_REPORTED,https://seismonepal.gov.np/,2026-09-03 03:33:09 NPT
INC-live-76f5c49d,2026-09-03,00:41:48,4.0,reported,10.0,MSF's response to the 2015 Nepal earthquake - Doctors Withou,27.825,85.1339,"Doctors Without Borders, BIPAD",COMMUNITY_REPORTED,https://seismonepal.gov.np/,2026-09-03 00:41:48 NPT
INC-live-c413316f,2026-09-02,17:28:32,4.0,reported,10.0,Commentary: Rebuilding Nepal without repeating mistakes of 2,27.6739,84.4145,"channelnewsasia.com, BIPAD",COMMUNITY_REPORTED,https://seismonepal.gov.np/,2026-09-02 17:28:32 NPT
INC-live-9ff13bc6,2026-09-01,02:50:22,4.0,reported,10.0,Earthquake and landslide trigger Nepal deadly floods - cnn.c,27.8195,86.037,"cnn.com, BIPAD",COMMUNITY_REPORTED,https://seismonepal.gov.np/,2026-09-01 02:50:22 NPT
INC-live-81407c8e,2026-08-31,13:24:20,4.0,reported,10.0,"Not Earthquake, But 'Glacier Collapse' Caused Nepal Flash Fl",27.9005,84.7669,"NDTV, BIPAD",COMMUNITY_REPORTED,https://seismonepal.gov.np/,2026-08-31 13:24:20 NPT
INC-live-ee4c06bc,2026-08-29,04:06:50,4.0,reported,10.0,2015 Nepal earthquake: MSF's logistical challenges - Doctors,26.7217,86.0092,"Doctors Without Borders, BIPAD",COMMUNITY_REPORTED,https://seismonepal.gov.np/,2026-08-29 04:06:50 NPT
INC-live-de053526,2026-08-28,06:09:31,4.0,reported,10.0,Nepal floods | What's the difference between a glacial colla,28.4584,86.1387,"9News, BIPAD",COMMUNITY_REPORTED,https://seismonepal.gov.np/,2026-08-28 06:09:31 NPT
INC-live-838e18dc,2026-08-27,20:30:53,4.0,reported,10.0,What triggered Nepal’s catastrophic flash floods? USGS rules,27.49,84.5321,"The Times of India, BIPAD",COMMUNITY_REPORTED,https://seismonepal.gov.np/,2026-08-27 20:30:53 NPT
INC-live-d8a7f43a,2026-08-27,20:30:53,4.0,reported,10.0,What triggered Nepal flash floods: Glacier collapse so power,28.3632,85.8147,"The Independent, BIPAD",COMMUNITY_REPORTED,https://seismonepal.gov.np/,2026-08-27 20:30:53 NPT
INC-live-0c4ce7f6,2026-08-27,04:15:04,4.0,reported,10.0,"US Earthquake Monitor Clarifies Nepal ""Quake"" Was 'Powerful ",28.4327,85.6752,"NDTV, BIPAD",COMMUNITY_REPORTED,https://seismonepal.gov.np/,2026-08-27 04:15:04 NPT
INC-live-e9b9012d,2026-08-27,01:02:37,4.0,reported,10.0,Nepal investigates landslide after earthquake as possible ca,27.0848,85.8868,"UA.NEWS, BIPAD",COMMUNITY_REPORTED,https://seismonepal.gov.np/,2026-08-27 01:02:37 NPT
INC-live-097c5178,2026-08-27,01:02:37,4.0,reported,10.0,5.2-Magnitude Earthquake Hits Nepal Hours After Tremor Trigg,27.758,84.784,"NDTV, BIPAD",COMMUNITY_REPORTED,https://seismonepal.gov.np/,2026-08-27 01:02:37 NPT
INC-live-d15201a2,2026-08-26,21:36:09,4.0,reported,10.0,Earthquake and landslide trigger Nepal deadly floods - CNN,28.3919,86.1035,"CNN, BIPAD",COMMUNITY_REPORTED,https://seismonepal.gov.np/,2026-08-26 21:36:09 NPT
INC-live-9aee545f,2026-08-26,18:59:56,4.0,reported,10.0,"Ice avalanche, glacial lake or earthquake? What triggered Ne",28.29,85.5552,"The Times of India, BIPAD",COMMUNITY_REPORTED,https://seismonepal.gov.np/,2026-08-26 18:59:56 NPT
INC-live-18d37a1d,2026-08-26,18:59:56,4.0,reported,10.0,Nepal’s deadliest disasters: From earthquakes to flash flood,28.6028,86.2635,"The Federal, BIPAD",COMMUNITY_REPORTED,https://seismonepal.gov.np/,2026-08-26 18:59:56 NPT
USGS-7000tc90,2026-08-26,11:45:35,4.2,ms_vx,0,"62 km NW of Kodāri̇̄, Nepal",28.3281,85.4798,USGS,INSTRUMENTAL (USGS),https://earthquake.usgs.gov/earthquakes/eventpage/us7000tc90,2026-08-26 11:45:35 NPT
USGS-7000tbwb,2026-08-26,08:37:10,5.2,ms_vx,0,"55 km NW of Kodāri̇̄, Nepal",28.271,85.515,USGS,INSTRUMENTAL (USGS),https://earthquake.usgs.gov/earthquakes/eventpage/us7000tbwb,2026-08-26 08:37:10 NPT
INC-live-1337ff4c,2026-08-24,16:06:26,4.0,reported,10.0,UN teams respond to deadly earthquake in western Nepal - UN ,28.4182,84.835,"UN News, BIPAD",COMMUNITY_REPORTED,https://news.google.com/rss/articles/CBMiV0FVX3lxTE9PYzhjYzVKQWJkRms2VjRFSDFkZjd6QkJlMFZjYVJNblQ0Ul84QzlYTll1WG5QSUhXV21CR1F2b1Q4MnQwcjNuRm4wbEtIZEVKYnQtb3g4Zw?oc=5,2026-08-24 16:06:26 NPT
INC-live-5f00613a,2026-08-24,16:06:26,4.0,reported,10.0,Nepal earthquake: WFP at hand as Government and partners wor,28.5243,84.5736,"UN World Food Programme, BIPAD",COMMUNITY_REPORTED,https://seismonepal.gov.np/,2026-08-24 16:06:26 NPT
INC-live-b63c8897,2026-08-24,16:06:26,4.0,reported,10.0,2015 Nepal earthquake offers clues about hazards - Stanford ,27.9945,84.8976,"Stanford Doerr School of Sustainability, BIPAD",COMMUNITY_REPORTED,https://seismonepal.gov.np/,2026-08-24 16:06:26 NPT
INC-live-f8ca0e29,2026-08-24,16:06:26,7.8,reported,10.0,Magnitude 7.8 Earthquake in Nepal Aftershocks - usgs.gov,26.8634,84.476,"usgs.gov, BIPAD",COMMUNITY_REPORTED,https://seismonepal.gov.np/,2026-08-24 16:06:26 NPT
INC-live-391c818a,2026-08-24,16:06:26,4.0,reported,10.0,"Nepal earthquakes: Facts, FAQs, and how to help - World Visi",27.893,84.9865,"World Vision, BIPAD",COMMUNITY_REPORTED,https://seismonepal.gov.np/,2026-08-24 16:06:26 NPT
INC-live-6e90e2fc,2026-08-24,10:12:52,4.0,reported,10.0,Earthquake-cracked houses collapse under heavy rain - The Ri,28.4371,84.3717,"The Rising Nepal, BIPAD",COMMUNITY_REPORTED,https://news.google.com/rss/articles/CBMiUEFVX3lxTE5BY1FqaHRfdEthUEdSdjNKMjRUaThMRXhDMjI2b0pCcEpDZFM1ZGNWRWFRUlFXeUxxTkRWS2lwUEtDVFpYbnFOU3ExRVhmYjkx?oc=5,2026-08-24 10:12:52 NPT
INC-live-6a007bc8,2026-08-23,13:31:09,4.0,reported,10.0,Water crisis worsens for Nepal earthquake survivors - Asia N,27.155,84.5332,"Asia News Network, BIPAD",COMMUNITY_REPORTED,https://seismonepal.gov.np/,2026-08-23 13:31:09 NPT
INC-live-7a86f3a4,2026-08-23,10:35:50,4.0,reported,10.0,2015 Nepal Earthquake - ArcGIS StoryMaps,27.826,85.8837,"ArcGIS StoryMaps, BIPAD",COMMUNITY_REPORTED,https://seismonepal.gov.np/,2026-08-23 10:35:50 NPT
INC-live-4e4ab4ef,2026-08-21,23:28:00,4.0,reported,10.0,"5.5-magnitude earthquake strikes off Japan’s Hachijo Island,",27.997,86.1599,"Nepalnews.com, BIPAD",COMMUNITY_REPORTED,https://seismonepal.gov.np/,2026-08-21 23:28:00 NPT
INC-live-5eac6c09,2026-08-19,21:48:38,4.0,reported,10.0,Businesses reopen after eastern Indonesia earthquake displac,28.0366,85.2176,"Nepalnews.com, BIPAD",COMMUNITY_REPORTED,https://seismonepal.gov.np/,2026-08-19 21:48:38 NPT
INC-live-16ad6690,2026-08-19,03:21:26,7.7,reported,10.0,"Magnitude 7.7 earthquake strikes off Indonesia's coast, topp",26.8812,85.8773,"The Rising Nepal, BIPAD",COMMUNITY_REPORTED,https://news.google.com/rss/articles/CBMiUEFVX3lxTE1LSmRmMWpicHFKY19BWFI1bnR5ZHk5U083ZEYyY3hzckdGUDBGRlRjYjlrVjhkeVc0bDFPR3dxdWhSVkhVYUc1d2t2TTQwRk53?oc=5,2026-08-19 03:21:26 NPT
USGS-6000tn6q,2026-08-19,01:44:08,4.3,mb,10,"143 km NW of Saga, China",30.3201,84.2762,USGS,INSTRUMENTAL (USGS),https://earthquake.usgs.gov/earthquakes/eventpage/us6000tn6q,2026-08-19 01:44:08 NPT
INC-live-54750869,2026-08-18,05:19:54,4.0,reported,10.0,Colombia Shifts Focus to Recovery After Deadly Earthquake - ,28.6555,84.5116,"ABC NEWS NEPAL, BIPAD",COMMUNITY_REPORTED,https://news.google.com/rss/articles/CBMiR0FVX3lxTE1PVzNDVjBORnhyYWp5aFkwUEFucEVySWlyZ3QzUmtwcHBGOWlMNU8yVzFUM292MzJZQjhLcFNDVFNsc2ZHcmJR?oc=5,2026-08-18 05:19:54 NPT
INC-live-6830a9ea,2026-08-18,01:25:35,4.0,reported,10.0,Nepal-New Zealand earthquake connection - nepalitimes.com,28.642,85.1558,"nepalitimes.com, BIPAD",COMMUNITY_REPORTED,https://seismonepal.gov.np/,2026-08-18 01:25:35 NPT
INC-live-68254cdb,2026-08-18,00:40:25,4.0,reported,10.0,Recent Earthquakes Prompt Questions About Increasing Seismic,28.0916,85.8558,"ABC NEWS NEPAL, BIPAD",COMMUNITY_REPORTED,https://news.google.com/rss/articles/CBMiR0FVX3lxTE9IdXBCQjczRkpjblhGVExQUERVcmVlREJxM2ZXdVJKRlBxMmNybjlaWEwzdVZQMlhuN0VFZ0Z2MHdoVUkyZUg0?oc=5,2026-08-18 00:40:25 NPT
INC-live-cd2240e6,2026-08-17,23:27:28,4.0,reported,10.0,Nepal Earthquake: How to Help - Save the Children charity,28.5064,85.7497,"Save the Children charity, BIPAD",COMMUNITY_REPORTED,https://seismonepal.gov.np/,2026-08-17 23:27:28 NPT
INC-live-b354b289,2026-08-17,18:49:04,4.0,reported,10.0,Video Unbelievable Rescues in Nepal and Stunning Video of th,27.0724,85.7417,"ABC News - Breaking News, Latest News and Videos, BIPAD",COMMUNITY_REPORTED,https://news.google.com/rss/articles/CBMiS0FVX3lxTFBoWWptMzY1ME5MWXlmRmJaYjFZX3pnMnhSdkxBTGVVd3E4Q0plMXo0Z19GYnByRndGemJlVmFSaF8tYnA5eWxxZk9oaw?oc=5,2026-08-17 18:49:04 NPT
INC-live-e679c0c2,2026-08-17,12:59:39,4.0,reported,10.0,Bhutan Earthquake Simulation Exposes Emergency Response Gaps,27.0491,85.9357,"Daily Pioneer, BIPAD",COMMUNITY_REPORTED,https://seismonepal.gov.np/,2026-08-17 12:59:39 NPT
INC-live-236fe9c5,2026-08-17,12:59:39,4.0,reported,10.0,Nepal-New Zealand earthquake connection - Nepali Times,26.9666,86.2575,"Nepali Times, BIPAD",COMMUNITY_REPORTED,https://seismonepal.gov.np/,2026-08-17 12:59:39 NPT
INC-live-3e4e639d,2026-08-16,12:42:37,4.0,reported,10.0,Foreign Minister Khanal expresses deep grief over Indonesia ,26.7893,85.7899,"english.nepalnews.com, BIPAD",COMMUNITY_REPORTED,https://seismonepal.gov.np/,2026-08-16 12:42:37 NPT
INC-live-dae2b221,2026-08-16,12:42:37,4.0,reported,10.0,"At least 47 killed, 157 homes damaged as Indonesia reels fro",27.4359,85.258,"english.nepalnews.com, BIPAD",COMMUNITY_REPORTED,https://seismonepal.gov.np/,2026-08-16 12:42:37 NPT
INC-live-b5c320fd,2026-08-16,02:22:05,4.2,reported,10.0,Earthquake of 4.2 magnitude hits western Nepal - indianexpre,27.2217,84.8198,"indianexpress.com, BIPAD",COMMUNITY_REPORTED,https://seismonepal.gov.np/,2026-08-16 02:22:05 NPT
INC-live-b72f167d,2026-08-16,02:22:05,4.0,reported,10.0,"Powerful Earthquake Kills Dozens, Triggers Tsunamis In Easte",28.5267,85.2348,"ABC NEWS NEPAL, BIPAD",COMMUNITY_REPORTED,https://news.google.com/rss/articles/CBMiR0FVX3lxTE5pbTV5RmM5T093SS1hX3ZieVA1bWxDYUpOZk03S3I3UXFZVHVWaHhvNHI1bi1ndzgtV1U5YXdvSlJoeWlMQlFv?oc=5,2026-08-16 02:22:05 NPT
INC-live-8d9242b1,2026-08-15,23:41:27,7.7,reported,10.0,38 killed in 7.7 magnitude earthquake strike in Indonesia - ,28.2492,85.0771,"english.nepalnews.com, BIPAD",COMMUNITY_REPORTED,https://seismonepal.gov.np/,2026-08-15 23:41:27 NPT
INC-live-f871497a,2026-08-15,20:21:56,6.5,reported,10.0,6.5 magnitude earthquake strikes Indonesia hours after 7.7 q,28.4836,86.2828,"Nepalnews.com, BIPAD",COMMUNITY_REPORTED,https://seismonepal.gov.np/,2026-08-15 20:21:56 NPT
INC-live-fe29fedb,2026-08-15,19:27:53,7.7,reported,10.0,38 killed in 7.7 magnitude earthquake strike in Indonesia - ,28.5012,84.3147,"Nepalnews.com, BIPAD",COMMUNITY_REPORTED,https://seismonepal.gov.np/,2026-08-15 19:27:53 NPT
INC-live-1881ba61,2026-08-15,09:37:30,4.0,reported,10.0,Nepal and Bhutan team up for seismic contingency - nepalitim,27.2627,85.2676,"nepalitimes.com, BIPAD",COMMUNITY_REPORTED,https://seismonepal.gov.np/,2026-08-15 09:37:30 NPT
INC-live-fef062f9,2026-08-15,08:48:15,4.0,reported,10.0,Colombia Earthquake Exposes Decades of Neglect in Buenaventu,27.8195,85.4215,"ABC NEWS NEPAL, BIPAD",COMMUNITY_REPORTED,https://news.google.com/rss/articles/CBMiR0FVX3lxTE9MVEJIOFhCakdPTVVfSjZsb0hNdlBBU0xmRU1XZHpENzZDdEFZdVluaFpWZWdaWHpEYng1NmhHQUNKOU9ncGRF?oc=5,2026-08-15 08:48:15 NPT
INC-live-638d210d,2026-08-15,08:48:15,4.0,reported,10.0,"7.4-magnitude earthquake jolts Indonesia, followed by two in",28.3926,84.7447,"english.nepalnews.com, BIPAD",COMMUNITY_REPORTED,https://seismonepal.gov.np/,2026-08-15 08:48:15 NPT
INC-live-291e92e4,2026-08-15,08:48:15,4.0,reported,10.0,Nepal and Bhutan team up for seismic contingency - Nepali Ti,28.1259,85.8779,"Nepali Times, BIPAD",COMMUNITY_REPORTED,https://seismonepal.gov.np/,2026-08-15 08:48:15 NPT
INC-live-fc7dec30,2026-08-15,00:57:06,4.0,reported,10.0,Colombia Shifts Stance on Israel Amid Earthquake Response - ,26.7688,85.1095,"ABC NEWS NEPAL, BIPAD",COMMUNITY_REPORTED,https://news.google.com/rss/articles/CBMiR0FVX3lxTE95dzY5dUJSSmQ5eTZLMU8zc2xaQ0hiVnJsdmNVVTdZendSVXIxYTZUaGtjTjlnVXIxOTY0d0hBTTVwdlhKMHJN?oc=5,2026-08-15 00:57:06 NPT
INC-live-a4c6020b,2026-08-14,15:04:31,4.0,reported,10.0,Fear grips Jajarkot earthquake survivors - risingnepaldaily.,27.1066,85.8532,"risingnepaldaily.com, BIPAD",COMMUNITY_REPORTED,https://news.google.com/rss/articles/CBMiUEFVX3lxTE16OTVTM0tJU3Z0djF2cWgzNURLbGw2cVV1QWsxU3BrN1A1WHBFVGx4cklveWE5MzcxVHFZc0ZUX2hzRnFDTHk2YW9hb2xLQ2t4?oc=5,2026-08-14 15:04:31 NPT
INC-live-f3972437,2026-08-14,13:46:30,4.0,reported,10.0,Nepal Eliminates Rubella Despite Earthquakes and Pandemic - ,26.995,84.3769,"Denkstrom, BIPAD",COMMUNITY_REPORTED,https://seismonepal.gov.np/,2026-08-14 13:46:30 NPT
INC-live-ab1d342e,2026-08-14,06:27:56,4.0,reported,10.0,Fear grips Jajarkot earthquake survivors - The Rising Nepal,27.0078,85.9806,"The Rising Nepal, BIPAD",COMMUNITY_REPORTED,https://news.google.com/rss/articles/CBMiUEFVX3lxTE16OTVTM0tJU3Z0djF2cWgzNURLbGw2cVV1QWsxU3BrN1A1WHBFVGx4cklveWE5MzcxVHFZc0ZUX2hzRnFDTHk2YW9hb2xLQ2t4?oc=5,2026-08-14 06:27:56 NPT
INC-live-81c6e821,2026-08-14,02:04:25,4.0,reported,10.0,Earthquake of 4.2-magnitude stikes western Nepal - Newsonair,27.9944,85.4893,"Newsonair, BIPAD",COMMUNITY_REPORTED,https://seismonepal.gov.np/,2026-08-14 02:04:25 NPT
INC-live-eca32250,2026-08-13,23:51:13,4.0,reported,10.0,Colombia Earthquake Tests Newly Elected Far-Right Government,27.9411,85.5466,"ABC NEWS NEPAL, BIPAD",COMMUNITY_REPORTED,https://news.google.com/rss/articles/CBMiR0FVX3lxTE5mNE1oSTlNUUliMHM0bUJkMUp6UGxtTEZWNy16Ny1ULTZJMEhkSVpNWnFKdzFJd2huWlZaeEdqenJIZnJ1cXJn?oc=5,2026-08-13 23:51:13 NPT
INC-live-3c82d9d7,2026-08-13,17:15:32,4.1,reported,10.0,4.1 magnitude earthquake hits Jajarkot - english.nepalnews.c,27.5227,85.8888,"english.nepalnews.com, BIPAD",COMMUNITY_REPORTED,https://seismonepal.gov.np/,2026-08-13 17:15:32 NPT
INC-live-d75cc58d,2026-08-11,22:19:25,4.1,reported,10.0,4.1 magnitude earthquake hits Jajarkot - Nepalnews.com,28.1298,85.3505,"Nepalnews.com, BIPAD",COMMUNITY_REPORTED,https://seismonepal.gov.np/,2026-08-11 22:19:25 NPT
INC-live-bccef63d,2026-08-11,21:25:20,4.0,reported,10.0,Nepal Expresses Deep Sorrow Over Colombia Earthquake - engli,26.8587,85.6369,"english.ratopati.com, BIPAD",COMMUNITY_REPORTED,https://seismonepal.gov.np/,2026-08-11 21:25:20 NPT
INC-live-fc9083ed,2026-08-11,15:55:51,4.0,reported,10.0,Colombia Earthquake: Search for Survivors Underway After Dea,28.5677,86.0187,"ABC NEWS NEPAL, BIPAD",COMMUNITY_REPORTED,https://news.google.com/rss/articles/CBMiR0FVX3lxTE1pcWMyOFRBa241NDBORW9KM0VJbFlIRGJxdGFwZm9tSzlLbC1GdkZtN1ZIT0tsNEU0MGI3eVJqWWx3RXhGZHNR?oc=5,2026-08-11 15:55:51 NPT
INC-live-154ab6b7,2026-08-11,13:38:50,4.0,reported,10.0,Nepal Expresses Deep Sorrow Over Colombia Earthquake - Ratop,27.9458,85.2216,"Ratopati, BIPAD",COMMUNITY_REPORTED,https://seismonepal.gov.np/,2026-08-11 13:38:50 NPT
INC-live-ec607e59,2026-08-11,05:35:03,3.8,reported,10.0,"3.8 magnitude earthquake hits Nepal, reports National Centre",28.6911,84.8185,"The Economic Times, BIPAD",COMMUNITY_REPORTED,https://seismonepal.gov.np/,2026-08-11 05:35:03 NPT
INC-live-eae4991a,2026-08-10,05:29:51,5.0,reported,10.0,Magnitude 5.0 earthquake strikes US state of Alaska - englis,28.1692,85.3453,"english.nepalnews.com, BIPAD",COMMUNITY_REPORTED,https://seismonepal.gov.np/,2026-08-10 05:29:51 NPT
INC-live-c9cf9f54,2026-08-09,19:45:09,5.0,reported,10.0,Magnitude 5.0 earthquake strikes US state of Alaska - Nepaln,27.4009,85.0631,"Nepalnews.com, BIPAD",COMMUNITY_REPORTED,https://seismonepal.gov.np/,2026-08-09 19:45:09 NPT
INC-live-acd2c6ca,2026-08-08,17:25:46,4.0,reported,10.0,Earthquake of 4.2-magnitude stikes western Nepal - newsonair,26.7553,85.0395,"newsonair.gov.in, BIPAD",COMMUNITY_REPORTED,https://seismonepal.gov.np/,2026-08-08 17:25:46 NPT
INC-live-3aa90208,2026-08-08,16:34:40,4.2,reported,10.0,4.2 magnitude earthquake hits western Nepal - telanganatoday,26.8652,84.8278,"telanganatoday.com, BIPAD",COMMUNITY_REPORTED,https://seismonepal.gov.np/,2026-08-08 16:34:40 NPT
INC-live-7b42039f,2026-08-08,13:44:51,7.8,reported,10.0,7.8 magnitude earthquake hits southern Philippines; tsunami ,27.321,85.0806,"Nepalnews.com, BIPAD",COMMUNITY_REPORTED,https://seismonepal.gov.np/,2026-08-08 13:44:51 NPT
INC-live-dbcdc4bf,2026-08-06,13:09:29,4.0,reported,10.0,Nepal earthquake: Magnitude 4 quake hits northwestern Nepal ,27.5413,85.1993,"The Hindu, BIPAD",COMMUNITY_REPORTED,https://seismonepal.gov.np/,2026-08-06 13:09:29 NPT
INC-live-b89d6c41,2026-08-04,20:54:37,4.0,reported,10.0,4.4-magnitude earthquake jolts Nepal’s Rolpa district - dail,27.6743,85.9302,"dailypioneer.com, BIPAD",COMMUNITY_REPORTED,https://seismonepal.gov.np/,2026-08-04 20:54:37 NPT
INC-live-408f1b0f,2026-08-04,03:32:23,4.4,reported,10.0,Earthquake of 4.4 magnitude hits Nepals Rolpa district - Dai,27.8263,84.9276,"Daily Excelsior, BIPAD",COMMUNITY_REPORTED,https://seismonepal.gov.np/,2026-08-04 03:32:23 NPT
INC-live-6aa554aa,2026-08-04,00:10:33,3.8,reported,10.0,3.8 magnitude earthquake hits Nepal - thehindubusinessline.c,27.8002,85.8964,"thehindubusinessline.com, BIPAD",COMMUNITY_REPORTED,https://seismonepal.gov.np/,2026-08-04 00:10:33 NPT
INC-live-5e9a09d0,2026-08-03,16:44:18,4.4,reported,10.0,Magnitude 4.4 tremor rattles Rolpa and neighboring districts,27.4808,85.8834,"Nepalnews.com, BIPAD",COMMUNITY_REPORTED,https://seismonepal.gov.np/,2026-08-03 16:44:18 NPT
INC-live-039d0a91,2026-08-03,16:44:18,4.0,reported,10.0,4.4-magnitude earthquake jolts Nepal’s Rolpa district - Dail,27.0133,85.2726,"Daily Pioneer, BIPAD",COMMUNITY_REPORTED,https://seismonepal.gov.np/,2026-08-03 16:44:18 NPT
USGS-6000tinm,2026-08-03,03:07:16,4,mb,19.5,"54 km NE of Tulsīpur, Nepal",28.5389,82.6058,USGS,INSTRUMENTAL (USGS),https://earthquake.usgs.gov/earthquakes/eventpage/us6000tinm,2026-08-03 03:07:16 NPT
INC-live-19a2b6d5,2026-08-01,05:26:35,4.0,reported,10.0,"Multiple earthquakes strike China, Tibet, Nepal - newsonair.",26.9816,85.1452,"newsonair.gov.in, BIPAD",COMMUNITY_REPORTED,https://seismonepal.gov.np/,2026-08-01 05:26:35 NPT
INC-live-6b30c4b2,2026-07-31,20:23:20,4.0,reported,10.0,"Multiple earthquakes rock China, Tibet, Nepal within hours -",26.8041,85.2804,"assamtribune.com, BIPAD",COMMUNITY_REPORTED,https://seismonepal.gov.np/,2026-07-31 20:23:20 NPT
INC-live-d91bb75a,2026-07-31,15:44:14,4.0,reported,10.0,"Multiple Earthquakes Strike China, Tibet, and Nepal Early Fr",28.6843,86.1532,"Pragativadi, BIPAD",COMMUNITY_REPORTED,https://seismonepal.gov.np/,2026-07-31 15:44:14 NPT
INC-live-eeddf503,2026-07-31,15:44:14,4.0,reported,10.0,"Multiple earthquakes rock China, Tibet, Nepal within hours -",27.607,85.5846,"The Assam Tribune, BIPAD",COMMUNITY_REPORTED,https://seismonepal.gov.np/,2026-07-31 15:44:14 NPT
INC-live-e5230874,2026-07-31,12:57:45,4.0,reported,10.0,"Multiple earthquakes strike China, Tibet, Nepal - News On AI",28.6224,84.5,"News On AIR, BIPAD",COMMUNITY_REPORTED,https://seismonepal.gov.np/,2026-07-31 12:57:45 NPT
INC-live-8e8d9145,2026-07-31,09:37:40,4.0,reported,10.0,"Multiple Earthquakes Jolt China, Tibet And Nepal Within Hour",28.3388,84.4317,"Sarkaritel.com, BIPAD",COMMUNITY_REPORTED,https://seismonepal.gov.np/,2026-07-31 09:37:40 NPT
INC-live-f76876f5,2026-07-31,09:37:40,4.0,reported,10.0,"Multiple earthquakes strike China, Tibet, Nepal within hours",28.6451,84.9853,"MorungExpress, BIPAD",COMMUNITY_REPORTED,https://seismonepal.gov.np/,2026-07-31 09:37:40 NPT
INC-live-edf481dd,2026-07-30,20:14:53,3.8,reported,10.0,3.8 Magnitude Earthquake Hits Nepal - deccanchronicle.com,27.4543,85.1673,"deccanchronicle.com, BIPAD",COMMUNITY_REPORTED,https://seismonepal.gov.np/,2026-07-30 20:14:53 NPT
INC-live-4f2aa9a4,2026-07-30,20:14:53,4.0,reported,10.0,Aftershock: Everest and the Nepal Earthquake (2022) - imdb.c,26.9181,85.8867,"imdb.com, BIPAD",COMMUNITY_REPORTED,https://seismonepal.gov.np/,2026-07-30 20:14:53 NPT
INC-live-219d9ca7,2026-07-30,10:03:50,4.0,reported,10.0,Nepal Earthquake: How to Help - savethechildren.org,28.5741,86.2254,"savethechildren.org, BIPAD",COMMUNITY_REPORTED,https://seismonepal.gov.np/,2026-07-30 10:03:50 NPT
INC-live-46aee09b,2026-07-29,18:18:37,4.0,reported,10.0,Japan earthquake kills 13 as rescuers race to find survivors,28.121,85.6096,"Nepalnews.com, BIPAD",COMMUNITY_REPORTED,https://seismonepal.gov.np/,2026-07-29 18:18:37 NPT
INC-live-c198e2af,2026-07-26,01:40:24,4.0,reported,10.0,Earthquake of magnitude five hits northwestern Nepal - The N,27.7759,85.3088,"The New Indian Express, BIPAD",COMMUNITY_REPORTED,https://seismonepal.gov.np/,2026-07-26 01:40:24 NPT
INC-live-5a6c1d6e,2026-07-25,03:29:50,4.0,reported,10.0,Aftershock: Everest and the Nepal Earthquake (2022) - IMDb,26.7679,86.1735,"IMDb, BIPAD",COMMUNITY_REPORTED,https://seismonepal.gov.np/,2026-07-25 03:29:50 NPT
INC-live-fd9efaa8,2026-07-24,01:49:04,4.2,reported,10.0,4.2 magnitude earthquake hits western Nepal - Telangana Toda,28.1985,84.5432,"Telangana Today, BIPAD",COMMUNITY_REPORTED,https://seismonepal.gov.np/,2026-07-24 01:49:04 NPT
INC-live-c8940ecd,2026-07-23,21:20:14,4.0,reported,10.0,"Death toll from Venezuela earthquakes increases to 5,398 - N",26.7479,85.818,"Nepalnews.com, BIPAD",COMMUNITY_REPORTED,https://seismonepal.gov.np/,2026-07-23 21:20:14 NPT
INC-live-af141f41,2026-07-22,15:22:27,4.0,reported,10.0,Earthquake of 4.2-magnitude stikes western Nepal - News On A,27.4305,86.1875,"News On AIR, BIPAD",COMMUNITY_REPORTED,https://seismonepal.gov.np/,2026-07-22 15:22:27 NPT
INC-live-2c9c1a4a,2026-07-22,15:22:27,4.2,reported,10.0,4.2 magnitude earthquake hits western Nepal - Daily Excelsio,27.1729,84.3092,"Daily Excelsior, BIPAD",COMMUNITY_REPORTED,https://seismonepal.gov.np/,2026-07-22 15:22:27 NPT
INC-live-6db7da53,2026-07-22,15:22:27,4.2,reported,10.0,Earthquake of 4.2 magnitude hits western Nepal - The Indian ,27.6864,86.0732,"The Indian Express, BIPAD",COMMUNITY_REPORTED,https://seismonepal.gov.np/,2026-07-22 15:22:27 NPT
INC-live-0fab50a9,2026-07-22,15:22:27,4.0,reported,10.0,4.2-magnitude earthquake strikes western Nepal; no damage re,26.9184,85.9708,"The New Indian Express, BIPAD",COMMUNITY_REPORTED,https://seismonepal.gov.np/,2026-07-22 15:22:27 NPT
INC-live-27c556d5,2026-07-21,21:42:17,4.0,reported,10.0,Magnitude 5 earthquake strikes Rukum East - The Kathmandu Po,28.3443,85.5956,"The Kathmandu Post, BIPAD",COMMUNITY_REPORTED,https://seismonepal.gov.np/,2026-07-21 21:42:17 NPT
INC-live-d195c33c,2026-07-20,22:34:29,3.8,reported,10.0,3.8 Magnitude Earthquake Hits Nepal - Deccan Chronicle,28.1859,85.6393,"Deccan Chronicle, BIPAD",COMMUNITY_REPORTED,https://seismonepal.gov.np/,2026-07-20 22:34:29 NPT
INC-live-99541183,2026-07-20,22:34:29,4.0,reported,10.0,"Nepal-Tibet border earthquake: Death toll reaches 126, 188 i",27.7341,85.2355,"News On AIR, BIPAD",COMMUNITY_REPORTED,https://seismonepal.gov.np/,2026-07-20 22:34:29 NPT
INC-live-a1b1ec6e,2026-07-20,02:17:15,4.0,reported,10.0,"A Look Back At The 2015 Nepal Earthquake When 9,000 People D",26.7807,86.2301,"NDTV, BIPAD",COMMUNITY_REPORTED,https://seismonepal.gov.np/,2026-07-20 02:17:15 NPT
INC-live-d7f86f85,2026-07-20,02:17:15,4.0,reported,10.0,Nepal Earthquake Victims Obituary - Legacy.com - Syracuse.co,27.5513,85.8625,"Syracuse.com, BIPAD",COMMUNITY_REPORTED,https://seismonepal.gov.np/,2026-07-20 02:17:15 NPT
INC-live-77c64398,2026-07-20,02:17:15,4.0,reported,10.0,Nepal Earthquake: How to Help - Save the Children US,27.8923,85.0516,"Save the Children US, BIPAD",COMMUNITY_REPORTED,https://seismonepal.gov.np/,2026-07-20 02:17:15 NPT
INC-live-a3e94842,2026-07-20,02:17:15,4.0,reported,10.0,Nepal and Northern India are not overdue for a huge earthqua,27.2285,85.1348,"New Scientist, BIPAD",COMMUNITY_REPORTED,https://seismonepal.gov.np/,2026-07-20 02:17:15 NPT
INC-live-8d72b0a7,2026-07-20,02:17:15,4.0,reported,10.0,101-Year-Old Pulled From Rubble One Week After Nepal Earthqu,27.248,85.8911,"ABC News - Breaking News, Latest News and Videos, BIPAD",COMMUNITY_REPORTED,https://seismonepal.gov.np/,2026-07-20 02:17:15 NPT
INC-live-88a8487f,2026-07-20,02:17:15,4.0,reported,10.0,The economic damage from the Nepal earthquake is almost half,28.3769,84.69,"qz.com, BIPAD",COMMUNITY_REPORTED,https://seismonepal.gov.np/,2026-07-20 02:17:15 NPT
INC-live-883f1d41,2026-07-20,02:17:15,3.8,reported,10.0,3.8 magnitude earthquake hits Nepal - BusinessLine,27.6748,85.3669,"BusinessLine, BIPAD",COMMUNITY_REPORTED,https://seismonepal.gov.np/,2026-07-20 02:17:15 NPT
INC-live-76c0ee5c,2026-07-20,02:17:15,4.0,reported,10.0,"Death toll from Venezuela’s twin earthquakes rises above 5,0",28.018,85.3795,"Nepalnews.com, BIPAD",COMMUNITY_REPORTED,https://seismonepal.gov.np/,2026-07-20 02:17:15 NPT
INC-live-c3ed48f9,2026-07-20,02:17:15,4.0,reported,10.0,Nepal's Rukum East Hit By Magnitude 5 Quake - Deccan Chronic,28.4406,84.3028,"Deccan Chronicle, BIPAD",COMMUNITY_REPORTED,https://seismonepal.gov.np/,2026-07-20 02:17:15 NPT
INC-live-news-1,2026-07-19,16:35:00,4.0,reported,10.0,"KTM, Kathmandu",27.7,85.3,"Kathmandu Post, BIPAD",COMMUNITY_REPORTED,https://seismonepal.gov.np/,2026-07-19 16:35:00 NPT
USGS-7000t1s3,2026-07-19,16:30:31,4.5,mb,10,"54 km NE of Tulsīpur, Nepal",28.5087,82.6592,USGS,INSTRUMENTAL (USGS),https://earthquake.usgs.gov/earthquakes/eventpage/us7000t1s3,2026-07-19 16:30:31 NPT
INC-live-bipad-1,2026-07-19,16:30:00,4.5,reported,10.0,"Tulsipur, Dang",28.46,82.6,"BIPAD Portal, BIPAD",COMMUNITY_REPORTED,https://seismonepal.gov.np/,2026-07-19 16:30:00 NPT
USGS-7000s99r,2026-04-01,08:15:21,4.3,mb,10,"162 km NW of Saga, China",30.4678,84.1737,USGS,INSTRUMENTAL (USGS),https://earthquake.usgs.gov/earthquakes/eventpage/us7000s99r,2026-04-01 08:15:21 NPT
USGS-7000s8hk,2026-03-29,11:09:22,4.4,mb,10,"141 km NW of Saga, China",30.266,84.2335,USGS,INSTRUMENTAL (USGS),https://earthquake.usgs.gov/earthquakes/eventpage/us7000s8hk,2026-03-29 11:09:22 NPT
USGS-7000s8h7,2026-03-29,08:59:38,4.5,mb,10,"13 km W of Naya Bāzār, India",27.1414,88.1012,USGS,INSTRUMENTAL (USGS),https://earthquake.usgs.gov/earthquakes/eventpage/us7000s8h7,2026-03-29 08:59:38 NPT
EQ-2026-MUSTANG-M58,2026-03-14,12:07:15,5.8,mww,12.0,"Mustang / Jomsom, Gandaki Province",28.784,83.722,"NEMRC, USGS, CENC",VERIFIED (HIGH),https://seismonepal.gov.np/,2026-03-14 12:07:15 NPT
USGS-6000sfsn,2026-03-12,13:30:48,4.5,mb,10,"111 km N of Lobuche, Nepal",28.9576,86.8579,USGS,INSTRUMENTAL (USGS),https://earthquake.usgs.gov/earthquakes/eventpage/us6000sfsn,2026-03-12 13:30:48 NPT
USGS-7000s0fm,2026-02-26,17:37:12,4.3,mb,10,"15 km W of Gyalshing, India",27.3076,88.107,USGS,INSTRUMENTAL (USGS),https://earthquake.usgs.gov/earthquakes/eventpage/us7000s0fm,2026-02-26 17:37:12 NPT
USGS-7000s0ec,2026-02-26,11:49:05,4.8,mb,10,"12 km SW of Gyalshing, India",27.2253,88.1573,USGS,INSTRUMENTAL (USGS),https://earthquake.usgs.gov/earthquakes/eventpage/us7000s0ec,2026-02-26 11:49:05 NPT
USGS-7000s00k,2026-02-09,17:45:28,4.2,mb,15.0,"18 km NNE of Ilām, Nepal",27.0682,87.9885,USGS,INSTRUMENTAL (USGS),https://earthquake.usgs.gov/earthquakes/eventpage/us7000s00k,2026-02-09 17:45:28 NPT
USGS-6000s757,2026-02-07,18:50:24,4.6,mb,10,"15 km NW of Gyalshing, India",27.381,88.1413,USGS,INSTRUMENTAL (USGS),https://earthquake.usgs.gov/earthquakes/eventpage/us6000s757,2026-02-07 18:50:24 NPT
USGS-6000s6t5,2026-02-06,02:35:42,4.4,mb,10,"7 km WSW of Naya Bāzār, India",27.0951,88.1766,USGS,INSTRUMENTAL (USGS),https://earthquake.usgs.gov/earthquakes/eventpage/us6000s6t5,2026-02-06 02:35:42 NPT
USGS-6000s6si,2026-02-06,01:24:28,4.6,mb,10,"15 km W of Gyalshing, India",27.2775,88.1055,USGS,INSTRUMENTAL (USGS),https://earthquake.usgs.gov/earthquakes/eventpage/us6000s6si,2026-02-06 01:24:28 NPT
USGS-7000rn98,2025-12-14,12:54:44,4.3,mb,10,"42 km NNE of Pokhara, Nepal",28.605,84.1716,USGS,INSTRUMENTAL (USGS),https://earthquake.usgs.gov/earthquakes/eventpage/us7000rn98,2025-12-14 12:54:44 NPT
USGS-7000rml4,2025-12-09,21:24:11,4.2,mb,19.2,"20 km N of Burang, China",30.4765,81.1429,USGS,INSTRUMENTAL (USGS),https://earthquake.usgs.gov/earthquakes/eventpage/us7000rml4,2025-12-09 21:24:11 NPT
USGS-7000rkd1,2025-12-07,08:28:07,4.5,mb,35,"38 km ENE of Dārchulā, Nepal",29.9125,80.9401,USGS,INSTRUMENTAL (USGS),https://earthquake.usgs.gov/earthquakes/eventpage/us7000rkd1,2025-12-07 08:28:07 NPT
USGS-7000rfhw,2025-12-04,17:44:01,4.1,mb,10,"130 km N of Lobuche, Nepal",29.1109,87.0043,USGS,INSTRUMENTAL (USGS),https://earthquake.usgs.gov/earthquakes/eventpage/us7000rfhw,2025-12-04 17:44:01 NPT
USGS-7000refy,2025-11-11,04:29:14,4.5,mb,10,"126 km N of Lobuche, Nepal",29.0846,86.7036,USGS,INSTRUMENTAL (USGS),https://earthquake.usgs.gov/earthquakes/eventpage/us7000refy,2025-11-11 04:29:14 NPT
USGS-6000rl8r,2025-11-04,02:42:22,4.7,mb,10,"84 km NE of Lobuche, Nepal",28.5267,87.3673,USGS,INSTRUMENTAL (USGS),https://earthquake.usgs.gov/earthquakes/eventpage/us6000rl8r,2025-11-04 02:42:22 NPT
USGS-6000rmt6,2025-10-21,20:44:40,4.1,mb,10,"35 km SSE of Saga, China",29.0245,85.3683,USGS,INSTRUMENTAL (USGS),https://earthquake.usgs.gov/earthquakes/eventpage/us6000rmt6,2025-10-21 20:44:40 NPT
USGS-6000rh67,2025-10-15,01:08:30,4.6,mb,10,"62 km NE of Dipayal, Nepal",29.639,81.421,USGS,INSTRUMENTAL (USGS),https://earthquake.usgs.gov/earthquakes/eventpage/us6000rh67,2025-10-15 01:08:30 NPT
USGS-6000rixi,2025-10-02,06:03:52,4.3,mb,10,"119 km N of Lobuche, Nepal",29.0247,86.7789,USGS,INSTRUMENTAL (USGS),https://earthquake.usgs.gov/earthquakes/eventpage/us6000rixi,2025-10-02 06:03:52 NPT
USGS-6000rf4s,2025-09-14,02:48:04,4.3,mb,10,"117 km N of Lobuche, Nepal",28.997,86.6568,USGS,INSTRUMENTAL (USGS),https://earthquake.usgs.gov/earthquakes/eventpage/us6000rf4s,2025-09-14 02:48:04 NPT
USGS-7000qvtp,2025-09-13,03:27:10,5,mb,10,"137 km N of Lobuche, Nepal",29.1796,87.0157,USGS,INSTRUMENTAL (USGS),https://earthquake.usgs.gov/earthquakes/eventpage/us7000qvtp,2025-09-13 03:27:10 NPT
USGS-7000qrjq,2025-08-28,19:45:32,4.4,mb,10,"116 km NW of Saga, China",30.0555,84.3549,USGS,INSTRUMENTAL (USGS),https://earthquake.usgs.gov/earthquakes/eventpage/us7000qrjq,2025-08-28 19:45:32 NPT
USGS-7000qqxx,2025-08-26,07:48:56,4.6,mb,10,"103 km NW of Saga, China",29.9566,84.4391,USGS,INSTRUMENTAL (USGS),https://earthquake.usgs.gov/earthquakes/eventpage/us7000qqxx,2025-08-26 07:48:56 NPT
USGS-7000qwqt,2025-08-22,23:15:09,4.1,mb,10,"29 km N of Triyuga, Nepal",27.0552,86.7342,USGS,INSTRUMENTAL (USGS),https://earthquake.usgs.gov/earthquakes/eventpage/us7000qwqt,2025-08-22 23:15:09 NPT
USGS-7000qvq2,2025-08-19,13:17:46,4.1,mb,10,"76 km ENE of Lobuche, Nepal",28.0848,87.571,USGS,INSTRUMENTAL (USGS),https://earthquake.usgs.gov/earthquakes/eventpage/us7000qvq2,2025-08-19 13:17:46 NPT
USGS-7000q9ht,2025-06-29,14:34:03,4.2,mb,10,"57 km NW of Jumla, Nepal",29.6691,81.7981,USGS,INSTRUMENTAL (USGS),https://earthquake.usgs.gov/earthquakes/eventpage/us7000q9ht,2025-06-29 14:34:03 NPT
USGS-6000qj9m,2025-06-10,07:50:40,4.2,mb,10,"124 km N of Lobuche, Nepal",29.0675,86.7312,USGS,INSTRUMENTAL (USGS),https://earthquake.usgs.gov/earthquakes/eventpage/us6000qj9m,2025-06-10 07:50:40 NPT
USGS-6000qjuc,2025-05-28,12:50:18,4.3,mb,10,"27 km ENE of Chitre, Nepal",28.5449,83.9408,USGS,INSTRUMENTAL (USGS),https://earthquake.usgs.gov/earthquakes/eventpage/us6000qjuc,2025-05-28 12:50:18 NPT
USGS-7000q10f,2025-05-23,09:42:24,4.4,mb,10,"137 km N of Lobuche, Nepal",29.1857,86.802,USGS,INSTRUMENTAL (USGS),https://earthquake.usgs.gov/earthquakes/eventpage/us7000q10f,2025-05-23 09:42:24 NPT
USGS-7000q0xq,2025-05-23,01:48:50,4.6,mb,10,"22 km NNW of Dadeldhurā, Nepal",29.472,80.4663,USGS,INSTRUMENTAL (USGS),https://earthquake.usgs.gov/earthquakes/eventpage/us7000q0xq,2025-05-23 01:48:50 NPT
USGS-7000q057,2025-05-19,17:45:09,4.3,mb,10,"83 km NE of Lobuche, Nepal",28.4953,87.3902,USGS,INSTRUMENTAL (USGS),https://earthquake.usgs.gov/earthquakes/eventpage/us7000q057,2025-05-19 17:45:09 NPT
USGS-7000pyq7,2025-05-12,02:56:22,5.5,mww,9,"126 km W of Rikaze, China",29.0536,87.6068,USGS,INSTRUMENTAL (USGS),https://earthquake.usgs.gov/earthquakes/eventpage/us7000pyq7,2025-05-12 02:56:22 NPT
USGS-7000pvip,2025-04-28,16:45:13,4.4,mb,10,"143 km N of Lobuche, Nepal",29.2422,86.7678,USGS,INSTRUMENTAL (USGS),https://earthquake.usgs.gov/earthquakes/eventpage/us7000pvip,2025-04-28 16:45:13 NPT
USGS-6000q7gc,2025-04-21,05:48:23,4.2,mb,10,"136 km N of Lobuche, Nepal",29.1753,86.972,USGS,INSTRUMENTAL (USGS),https://earthquake.usgs.gov/earthquakes/eventpage/us6000q7gc,2025-04-21 05:48:23 NPT
USGS-6000q6bv,2025-04-16,04:05:34,4.2,mb,68.9,"89 km NE of Khā̃dbāri̇̄, Nepal",28.0012,87.7827,USGS,INSTRUMENTAL (USGS),https://earthquake.usgs.gov/earthquakes/eventpage/us6000q6bv,2025-04-16 04:05:34 NPT
USGS-6000q5cj,2025-04-11,15:42:27,4.3,mb,10,"83 km NE of Lobuche, Nepal",28.5323,87.3531,USGS,INSTRUMENTAL (USGS),https://earthquake.usgs.gov/earthquakes/eventpage/us6000q5cj,2025-04-11 15:42:27 NPT
USGS-6000q522,2025-04-10,10:57:27,4.2,mb,10,"115 km N of Lobuche, Nepal",28.9806,86.6178,USGS,INSTRUMENTAL (USGS),https://earthquake.usgs.gov/earthquakes/eventpage/us6000q522,2025-04-10 10:57:27 NPT
USGS-6000q6rl,2025-04-06,08:36:39,4.4,mb,35,"120 km NNE of Lobuche, Nepal",28.8831,87.4368,USGS,INSTRUMENTAL (USGS),https://earthquake.usgs.gov/earthquakes/eventpage/us6000q6rl,2025-04-06 08:36:39 NPT
USGS-6000q66t,2025-04-04,20:10:23,4.8,mb,10,"14 km ENE of Dailekh, Nepal",28.9124,81.8313,USGS,INSTRUMENTAL (USGS),https://earthquake.usgs.gov/earthquakes/eventpage/us6000q66t,2025-04-04 20:10:23 NPT
USGS-6000q3xs,2025-04-04,20:07:50,4.9,mb,10,"35 km SSW of Jumla, Nepal",28.9769,82.0489,USGS,INSTRUMENTAL (USGS),https://earthquake.usgs.gov/earthquakes/eventpage/us6000q3xs,2025-04-04 20:07:50 NPT
USGS-7000ppd4,2025-04-02,06:04:26,4.3,mb,38.5,"68 km NNE of Lobuche, Nepal",28.4986,87.1294,USGS,INSTRUMENTAL (USGS),https://earthquake.usgs.gov/earthquakes/eventpage/us7000ppd4,2025-04-02 06:04:26 NPT
USGS-7000pmrh,2025-03-26,19:44:55,4.3,mb,10,"58 km ENE of Dipayal, Nepal",29.4072,81.519,USGS,INSTRUMENTAL (USGS),https://earthquake.usgs.gov/earthquakes/eventpage/us7000pmrh,2025-03-26 19:44:55 NPT
USGS-7000pmqt,2025-03-26,18:27:12,4.4,mb,10,"94 km NNW of Lobuche, Nepal",28.7659,86.5548,USGS,INSTRUMENTAL (USGS),https://earthquake.usgs.gov/earthquakes/eventpage/us7000pmqt,2025-03-26 18:27:12 NPT
USGS-6000pyj5,2025-03-13,14:22:19,4.3,mb,10,"125 km WSW of Rikaze, China",29.0111,87.6255,USGS,INSTRUMENTAL (USGS),https://earthquake.usgs.gov/earthquakes/eventpage/us6000pyj5,2025-03-13 14:22:19 NPT
USGS-6000py3e,2025-03-11,12:54:05,4.1,mb,10,"145 km NNE of Lobuche, Nepal",29.2287,87.1438,USGS,INSTRUMENTAL (USGS),https://earthquake.usgs.gov/earthquakes/eventpage/us6000py3e,2025-03-11 12:54:05 NPT
USGS-6000pzsi,2025-03-11,04:11:08,4.4,mb,17.3,"18 km NE of Wāliṅ, Nepal",28.11,83.884,USGS,INSTRUMENTAL (USGS),https://earthquake.usgs.gov/earthquakes/eventpage/us6000pzsi,2025-03-11 04:11:08 NPT
USGS-6000pxpf,2025-03-09,02:45:14,4,mb,10,"109 km NE of Lobuche, Nepal",28.7362,87.4767,USGS,INSTRUMENTAL (USGS),https://earthquake.usgs.gov/earthquakes/eventpage/us6000pxpf,2025-03-09 02:45:14 NPT
USGS-6000pzcx,2025-03-08,15:04:54,4.1,mb,10,"102 km ENE of Lobuche, Nepal",28.4149,87.7113,USGS,INSTRUMENTAL (USGS),https://earthquake.usgs.gov/earthquakes/eventpage/us6000pzcx,2025-03-08 15:04:54 NPT
USGS-6000pxlv,2025-03-08,14:35:17,5,mww,10,"100 km NE of Lobuche, Nepal",28.5719,87.5508,USGS,INSTRUMENTAL (USGS),https://earthquake.usgs.gov/earthquakes/eventpage/us6000pxlv,2025-03-08 14:35:17 NPT
USGS-6000pwry,2025-03-04,14:59:26,4.3,mb,10,"87 km NE of Lobuche, Nepal",28.4219,87.5215,USGS,INSTRUMENTAL (USGS),https://earthquake.usgs.gov/earthquakes/eventpage/us6000pwry,2025-03-04 14:59:26 NPT
USGS-6000pvwf,2025-02-28,02:51:10,5,mww,10,"11 km SSW of Kodāri̇̄, Nepal",27.8626,85.9232,USGS,INSTRUMENTAL (USGS),https://earthquake.usgs.gov/earthquakes/eventpage/us6000pvwf,2025-02-28 02:51:10 NPT
USGS-7000pf75,2025-02-21,15:56:47,4.9,mb,10,"87 km NE of Lobuche, Nepal",28.4908,87.4621,USGS,INSTRUMENTAL (USGS),https://earthquake.usgs.gov/earthquakes/eventpage/us7000pf75,2025-02-21 15:56:47 NPT
USGS-7000pe20,2025-02-16,09:13:58,4.8,mb,10,"130 km NNE of Lobuche, Nepal",28.9741,87.4658,USGS,INSTRUMENTAL (USGS),https://earthquake.usgs.gov/earthquakes/eventpage/us7000pe20,2025-02-16 09:13:58 NPT
USGS-7000pchl,2025-02-09,21:08:34,4.3,mb,10,"47 km ENE of Lobuche, Nepal",28.0553,87.2743,USGS,INSTRUMENTAL (USGS),https://earthquake.usgs.gov/earthquakes/eventpage/us7000pchl,2025-02-09 21:08:34 NPT
USGS-7000pch6,2025-02-09,17:11:59,4,mb,10,"65 km ENE of Lobuche, Nepal",28.0714,87.4589,USGS,INSTRUMENTAL (USGS),https://earthquake.usgs.gov/earthquakes/eventpage/us7000pch6,2025-02-09 17:11:59 NPT
USGS-7000pcg9,2025-02-09,13:22:01,4.3,mb,10,"110 km E of Saga, China",29.1595,86.349,USGS,INSTRUMENTAL (USGS),https://earthquake.usgs.gov/earthquakes/eventpage/us7000pcg9,2025-02-09 13:22:01 NPT
USGS-7000parm,2025-02-02,13:02:19,4.2,mb,10,"87 km NNE of Lobuche, Nepal",28.6434,87.2383,USGS,INSTRUMENTAL (USGS),https://earthquake.usgs.gov/earthquakes/eventpage/us7000parm,2025-02-02 13:02:19 NPT
USGS-6000pmj5,2025-01-27,15:18:37,4.8,mb,10,"97 km NE of Lobuche, Nepal",28.6098,87.4588,USGS,INSTRUMENTAL (USGS),https://earthquake.usgs.gov/earthquakes/eventpage/us6000pmj5,2025-01-27 15:18:37 NPT
USGS-6000plzm,2025-01-24,11:44:17,4.6,mb,10,Southern Tibetan Plateau,28.8632,87.5218,USGS,INSTRUMENTAL (USGS),https://earthquake.usgs.gov/earthquakes/eventpage/us6000plzm,2025-01-24 11:44:17 NPT
USGS-6000plkg,2025-01-22,17:15:24,4.2,mb,10,Southern Tibetan Plateau,28.6745,87.6268,USGS,INSTRUMENTAL (USGS),https://earthquake.usgs.gov/earthquakes/eventpage/us6000plkg,2025-01-22 17:15:24 NPT
USGS-6000plca,2025-01-21,05:59:17,4.8,mb,10,Southern Tibetan Plateau,28.3525,87.488,USGS,INSTRUMENTAL (USGS),https://earthquake.usgs.gov/earthquakes/eventpage/us6000plca,2025-01-21 05:59:17 NPT
USGS-6000plbf,2025-01-21,02:48:11,5,mb,10,Southern Tibetan Plateau,28.3855,87.5651,USGS,INSTRUMENTAL (USGS),https://earthquake.usgs.gov/earthquakes/eventpage/us6000plbf,2025-01-21 02:48:11 NPT
USGS-7000p9v7,2025-01-19,23:44:49,4.4,mb,10,"85 km NE of Lobuche, Nepal",28.4216,87.501,USGS,INSTRUMENTAL (USGS),https://earthquake.usgs.gov/earthquakes/eventpage/us7000p9v7,2025-01-19 23:44:49 NPT
USGS-6000pl3u,2025-01-19,23:41:44,4.5,mb,10,Southern Tibetan Plateau,28.3527,87.5481,USGS,INSTRUMENTAL (USGS),https://earthquake.usgs.gov/earthquakes/eventpage/us6000pl3u,2025-01-19 23:41:44 NPT
USGS-6000pkyi,2025-01-18,22:11:31,4.6,mb,10,Southern Tibetan Plateau,28.6435,87.4691,USGS,INSTRUMENTAL (USGS),https://earthquake.usgs.gov/earthquakes/eventpage/us6000pkyi,2025-01-18 22:11:31 NPT
USGS-6000pky9,2025-01-18,21:21:54,4.8,mb,10,Southern Tibetan Plateau,28.4323,87.6046,USGS,INSTRUMENTAL (USGS),https://earthquake.usgs.gov/earthquakes/eventpage/us6000pky9,2025-01-18 21:21:54 NPT
USGS-6000pkch,2025-01-16,11:03:46,4,mb,10,Southern Tibetan Plateau,29.1529,87.5413,USGS,INSTRUMENTAL (USGS),https://earthquake.usgs.gov/earthquakes/eventpage/us6000pkch,2025-01-16 11:03:46 NPT
USGS-6000pkc3,2025-01-16,09:05:02,4.9,mb,10,Southern Tibetan Plateau,28.7777,87.4095,USGS,INSTRUMENTAL (USGS),https://earthquake.usgs.gov/earthquakes/eventpage/us6000pkc3,2025-01-16 09:05:02 NPT
USGS-6000pkbz,2025-01-16,08:42:22,4.1,mb,10,Southern Tibetan Plateau,29.1378,87.4391,USGS,INSTRUMENTAL (USGS),https://earthquake.usgs.gov/earthquakes/eventpage/us6000pkbz,2025-01-16 08:42:22 NPT
USGS-6000pk9g,2025-01-16,02:35:52,4.4,mb,10,Southern Tibetan Plateau,29.0382,87.4195,USGS,INSTRUMENTAL (USGS),https://earthquake.usgs.gov/earthquakes/eventpage/us6000pk9g,2025-01-16 02:35:52 NPT
USGS-6000pjq9,2025-01-13,21:29:42,4.6,mb,10,Southern Tibetan Plateau,28.4247,87.169,USGS,INSTRUMENTAL (USGS),https://earthquake.usgs.gov/earthquakes/eventpage/us6000pjq9,2025-01-13 21:29:42 NPT
USGS-6000pjq4,2025-01-13,21:04:08,4.3,mb,10,Southern Tibetan Plateau,28.4558,87.2761,USGS,INSTRUMENTAL (USGS),https://earthquake.usgs.gov/earthquakes/eventpage/us6000pjq4,2025-01-13 21:04:08 NPT
USGS-6000plux,2025-01-13,18:59:57,4.3,mb,10,"76 km NE of Lobuche, Nepal",28.4607,87.3323,USGS,INSTRUMENTAL (USGS),https://earthquake.usgs.gov/earthquakes/eventpage/us6000plux,2025-01-13 18:59:57 NPT
USGS-6000pjpb,2025-01-13,18:43:22,5.1,mb,10,Southern Tibetan Plateau,28.4815,87.4058,USGS,INSTRUMENTAL (USGS),https://earthquake.usgs.gov/earthquakes/eventpage/us6000pjpb,2025-01-13 18:43:22 NPT
USGS-6000pjp9,2025-01-13,18:42:37,5,mb,10,Southern Tibetan Plateau,28.405,87.3079,USGS,INSTRUMENTAL (USGS),https://earthquake.usgs.gov/earthquakes/eventpage/us6000pjp9,2025-01-13 18:42:37 NPT
USGS-6000pjjb,2025-01-12,15:39:01,4.5,mb,10,Southern Tibetan Plateau,28.6622,87.4427,USGS,INSTRUMENTAL (USGS),https://earthquake.usgs.gov/earthquakes/eventpage/us6000pjjb,2025-01-12 15:39:01 NPT
USGS-6000pltw,2025-01-12,12:36:23,4.1,mb,10,"36 km NNE of Lobuche, Nepal",28.233,87.0041,USGS,INSTRUMENTAL (USGS),https://earthquake.usgs.gov/earthquakes/eventpage/us6000pltw,2025-01-12 12:36:23 NPT
USGS-6000plmc,2025-01-11,04:32:36,4.3,mb,10,"57 km NE of Lobuche, Nepal",28.3706,87.1412,USGS,INSTRUMENTAL (USGS),https://earthquake.usgs.gov/earthquakes/eventpage/us6000plmc,2025-01-11 04:32:36 NPT
USGS-6000pj1w,2025-01-10,04:43:05,4.3,mb,10,"70 km NE of Lobuche, Nepal",28.3591,87.3545,USGS,INSTRUMENTAL (USGS),https://earthquake.usgs.gov/earthquakes/eventpage/us6000pj1w,2025-01-10 04:43:05 NPT
USGS-6000pizl,2025-01-09,23:41:20,4.4,mb,10,Southern Tibetan Plateau,28.5908,87.2468,USGS,INSTRUMENTAL (USGS),https://earthquake.usgs.gov/earthquakes/eventpage/us6000pizl,2025-01-09 23:41:20 NPT
USGS-6000piur,2025-01-09,13:13:44,4.4,mb,10,"79 km NE of Lobuche, Nepal",28.4769,87.3601,USGS,INSTRUMENTAL (USGS),https://earthquake.usgs.gov/earthquakes/eventpage/us6000piur,2025-01-09 13:13:44 NPT
USGS-6000pla1,2025-01-09,00:33:22,4,mb,10,Southern Tibetan Plateau,28.5155,87.1736,USGS,INSTRUMENTAL (USGS),https://earthquake.usgs.gov/earthquakes/eventpage/us6000pla1,2025-01-09 00:33:22 NPT
USGS-6000pil5,2025-01-08,21:39:26,4.2,mb,10,Southern Tibetan Plateau,28.5177,87.2838,USGS,INSTRUMENTAL (USGS),https://earthquake.usgs.gov/earthquakes/eventpage/us6000pil5,2025-01-08 21:39:26 NPT
USGS-6000pl9t,2025-01-08,16:49:44,4.2,mb,10,Southern Tibetan Plateau,28.1006,87.2618,USGS,INSTRUMENTAL (USGS),https://earthquake.usgs.gov/earthquakes/eventpage/us6000pl9t,2025-01-08 16:49:44 NPT
USGS-6000pij8,2025-01-08,12:53:53,4.2,mb,10,Southern Tibetan Plateau,28.9617,87.4953,USGS,INSTRUMENTAL (USGS),https://earthquake.usgs.gov/earthquakes/eventpage/us6000pij8,2025-01-08 12:53:53 NPT
USGS-6000piij,2025-01-08,09:36:21,5,mb,10,Southern Tibetan Plateau,28.4359,87.3648,USGS,INSTRUMENTAL (USGS),https://earthquake.usgs.gov/earthquakes/eventpage/us6000piij,2025-01-08 09:36:21 NPT
USGS-6000piia,2025-01-08,07:28:42,4.2,mb,10,Southern Tibetan Plateau,28.3995,87.2967,USGS,INSTRUMENTAL (USGS),https://earthquake.usgs.gov/earthquakes/eventpage/us6000piia,2025-01-08 07:28:42 NPT
USGS-6000pl92,2025-01-08,07:13:08,4.1,mb,10,"66 km ENE of Lobuche, Nepal",28.2681,87.3885,USGS,INSTRUMENTAL (USGS),https://earthquake.usgs.gov/earthquakes/eventpage/us6000pl92,2025-01-08 07:13:08 NPT
USGS-6000pihp,2025-01-08,05:53:19,4.1,mb,10,Southern Tibetan Plateau,28.753,87.234,USGS,INSTRUMENTAL (USGS),https://earthquake.usgs.gov/earthquakes/eventpage/us6000pihp,2025-01-08 05:53:19 NPT
USGS-6000pigg,2025-01-08,01:37:52,4.5,mb,10,Southern Tibetan Plateau ,28.7108,87.3437,USGS,INSTRUMENTAL (USGS),https://earthquake.usgs.gov/earthquakes/eventpage/us6000pigg,2025-01-08 01:37:52 NPT
USGS-6000pkrg,2025-01-07,23:21:01,4.3,mb,10,Southern Tibetan Plateau,28.6137,87.2674,USGS,INSTRUMENTAL (USGS),https://earthquake.usgs.gov/earthquakes/eventpage/us6000pkrg,2025-01-07 23:21:01 NPT
USGS-6000pkr8,2025-01-07,20:51:31,4.1,mb,10,"108 km NNE of Lobuche, Nepal",28.8085,87.3293,USGS,INSTRUMENTAL (USGS),https://earthquake.usgs.gov/earthquakes/eventpage/us6000pkr8,2025-01-07 20:51:31 NPT
USGS-6000pif3,2025-01-07,19:49:11,4.3,mb,10,Southern Tibetan Plateau,28.5578,87.335,USGS,INSTRUMENTAL (USGS),https://earthquake.usgs.gov/earthquakes/eventpage/us6000pif3,2025-01-07 19:49:11 NPT
USGS-6000pif0,2025-01-07,19:14:35,4.6,mb,10,Southern Tibetan Plateau ,28.5993,87.2148,USGS,INSTRUMENTAL (USGS),https://earthquake.usgs.gov/earthquakes/eventpage/us6000pif0,2025-01-07 19:14:35 NPT
USGS-6000piey,2025-01-07,18:52:39,4.1,mb,10,Southern Tibetan Plateau,28.7491,87.5188,USGS,INSTRUMENTAL (USGS),https://earthquake.usgs.gov/earthquakes/eventpage/us6000piey,2025-01-07 18:52:39 NPT
USGS-6000piev,2025-01-07,18:07:15,4.2,mb,10,Southern Tibetan Plateau,28.2839,87.2233,USGS,INSTRUMENTAL (USGS),https://earthquake.usgs.gov/earthquakes/eventpage/us6000piev,2025-01-07 18:07:15 NPT
USGS-6000pid2,2025-01-07,13:39:10,4.4,mb,10,Southern Tibetan Plateau,28.5853,87.4505,USGS,INSTRUMENTAL (USGS),https://earthquake.usgs.gov/earthquakes/eventpage/us6000pid2,2025-01-07 13:39:10 NPT
USGS-6000picp,2025-01-07,12:10:37,4,mb,10,"87 km NE of Lobuche, Nepal",28.4779,87.4671,USGS,INSTRUMENTAL (USGS),https://earthquake.usgs.gov/earthquakes/eventpage/us6000picp,2025-01-07 12:10:37 NPT
USGS-6000pick,2025-01-07,11:42:16,4.6,mb,10,Southern Tibetan Plateau,28.8918,87.5814,USGS,INSTRUMENTAL (USGS),https://earthquake.usgs.gov/earthquakes/eventpage/us6000pick,2025-01-07 11:42:16 NPT
USGS-6000pkqa,2025-01-07,10:44:31,4.1,mb,10,Southern Tibetan Plateau,28.1957,87.1543,USGS,INSTRUMENTAL (USGS),https://earthquake.usgs.gov/earthquakes/eventpage/us6000pkqa,2025-01-07 10:44:31 NPT
USGS-6000pkqb,2025-01-07,10:43:52,4.1,mb,10,Southern Tibetan Plateau,28.635,87.1452,USGS,INSTRUMENTAL (USGS),https://earthquake.usgs.gov/earthquakes/eventpage/us6000pkqb,2025-01-07 10:43:52 NPT
USGS-6000pkq6,2025-01-07,10:19:18,4,mb,10,Southern Tibetan Plateau,28.7006,87.3172,USGS,INSTRUMENTAL (USGS),https://earthquake.usgs.gov/earthquakes/eventpage/us6000pkq6,2025-01-07 10:19:18 NPT
USGS-6000pkq2,2025-01-07,09:42:59,4.2,mb,10,Southern Tibetan Plateau,28.6419,87.2925,USGS,INSTRUMENTAL (USGS),https://earthquake.usgs.gov/earthquakes/eventpage/us6000pkq2,2025-01-07 09:42:59 NPT
USGS-6000pkq3,2025-01-07,09:37:43,4.2,mb,10,Southern Tibetan Plateau,28.9296,87.5006,USGS,INSTRUMENTAL (USGS),https://earthquake.usgs.gov/earthquakes/eventpage/us6000pkq3,2025-01-07 09:37:43 NPT
USGS-6000pic2,2025-01-07,09:30:54,4.5,mb,10,Southern Tibetan Plateau,28.6558,87.3207,USGS,INSTRUMENTAL (USGS),https://earthquake.usgs.gov/earthquakes/eventpage/us6000pic2,2025-01-07 09:30:54 NPT
USGS-6000pic1,2025-01-07,09:26:11,4.4,mb,10,Southern Tibetan Plateau,28.908,87.4268,USGS,INSTRUMENTAL (USGS),https://earthquake.usgs.gov/earthquakes/eventpage/us6000pic1,2025-01-07 09:26:11 NPT
USGS-6000pibw,2025-01-07,09:12:31,4.4,mb,10,Southern Tibetan Plateau,29.0441,87.3622,USGS,INSTRUMENTAL (USGS),https://earthquake.usgs.gov/earthquakes/eventpage/us6000pibw,2025-01-07 09:12:31 NPT
USGS-6000pibs,2025-01-07,09:04:33,4.3,mb,10,Southern Tibetan Plateau,28.7212,87.2266,USGS,INSTRUMENTAL (USGS),https://earthquake.usgs.gov/earthquakes/eventpage/us6000pibs,2025-01-07 09:04:33 NPT
USGS-6000pkq0,2025-01-07,09:02:53,4.4,mb,10,"112 km NNE of Lobuche, Nepal",28.8938,87.2163,USGS,INSTRUMENTAL (USGS),https://earthquake.usgs.gov/earthquakes/eventpage/us6000pkq0,2025-01-07 09:02:53 NPT
USGS-6000pkpz,2025-01-07,08:57:04,4.2,mb,10,"136 km NNE of Lobuche, Nepal",29.0157,87.5058,USGS,INSTRUMENTAL (USGS),https://earthquake.usgs.gov/earthquakes/eventpage/us6000pkpz,2025-01-07 08:57:04 NPT
USGS-6000pkpw,2025-01-07,08:26:18,4.2,mb,10,"90 km NNE of Lobuche, Nepal",28.6698,87.2342,USGS,INSTRUMENTAL (USGS),https://earthquake.usgs.gov/earthquakes/eventpage/us6000pkpw,2025-01-07 08:26:18 NPT
USGS-6000pibj,2025-01-07,08:19:51,4.4,mb,10,Southern Tibetan Plateau,28.5677,87.3881,USGS,INSTRUMENTAL (USGS),https://earthquake.usgs.gov/earthquakes/eventpage/us6000pibj,2025-01-07 08:19:51 NPT
USGS-6000pibq,2025-01-07,08:17:41,4.2,mb,10,"74 km NE of Lobuche, Nepal",28.4666,87.2878,USGS,INSTRUMENTAL (USGS),https://earthquake.usgs.gov/earthquakes/eventpage/us6000pibq,2025-01-07 08:17:41 NPT
USGS-6000pkrz,2025-01-07,08:12:38,4.5,mb,10,"49 km NE of Lobuche, Nepal",28.3017,87.1134,USGS,INSTRUMENTAL (USGS),https://earthquake.usgs.gov/earthquakes/eventpage/us6000pkrz,2025-01-07 08:12:38 NPT
USGS-6000pibp,2025-01-07,08:12:26,4,mb,10,"49 km NE of Lobuche, Nepal",28.2665,87.1579,USGS,INSTRUMENTAL (USGS),https://earthquake.usgs.gov/earthquakes/eventpage/us6000pibp,2025-01-07 08:12:26 NPT
USGS-6000pibd,2025-01-07,08:07:44,4.3,mb,10,Southern Tibetan Plateau,28.6661,87.2813,USGS,INSTRUMENTAL (USGS),https://earthquake.usgs.gov/earthquakes/eventpage/us6000pibd,2025-01-07 08:07:44 NPT
USGS-6000pkpt,2025-01-07,07:49:08,4.2,mb,10,"97 km NNE of Lobuche, Nepal",28.7346,87.2482,USGS,INSTRUMENTAL (USGS),https://earthquake.usgs.gov/earthquakes/eventpage/us6000pkpt,2025-01-07 07:49:08 NPT
USGS-6000pkse,2025-01-07,07:47:14,4.1,mb,10,"84 km NNE of Lobuche, Nepal",28.6155,87.2212,USGS,INSTRUMENTAL (USGS),https://earthquake.usgs.gov/earthquakes/eventpage/us6000pkse,2025-01-07 07:47:14 NPT
USGS-6000pkpu,2025-01-07,07:46:06,4.5,mb,10,"101 km NNE of Lobuche, Nepal",28.7477,87.3101,USGS,INSTRUMENTAL (USGS),https://earthquake.usgs.gov/earthquakes/eventpage/us6000pkpu,2025-01-07 07:46:06 NPT
USGS-6000pib7,2025-01-07,07:44:48,4.6,mb,10,Southern Tibetan Plateau,28.779,87.3465,USGS,INSTRUMENTAL (USGS),https://earthquake.usgs.gov/earthquakes/eventpage/us6000pib7,2025-01-07 07:44:48 NPT
USGS-6000piav,2025-01-07,07:28:49,4.9,mb,10,Southern Tibetan Plateau,28.3885,87.2633,USGS,INSTRUMENTAL (USGS),https://earthquake.usgs.gov/earthquakes/eventpage/us6000piav,2025-01-07 07:28:49 NPT
USGS-6000piar,2025-01-07,07:22:13,5,mb,10,Southern Tibetan Plateau,28.7969,87.2321,USGS,INSTRUMENTAL (USGS),https://earthquake.usgs.gov/earthquakes/eventpage/us6000piar,2025-01-07 07:22:13 NPT
USGS-6000pkqp,2025-01-07,07:20:02,4.2,mb,10,"105 km NE of Lobuche, Nepal",28.7174,87.4436,USGS,INSTRUMENTAL (USGS),https://earthquake.usgs.gov/earthquakes/eventpage/us6000pkqp,2025-01-07 07:20:02 NPT
USGS-6000piap,2025-01-07,07:16:59,4.9,mb,10,Southern Tibetan Plateau,28.8053,87.608,USGS,INSTRUMENTAL (USGS),https://earthquake.usgs.gov/earthquakes/eventpage/us6000piap,2025-01-07 07:16:59 NPT
USGS-6000piak,2025-01-07,07:09:25,5,mb,10,Southern Tibetan Plateau,28.4845,87.4575,USGS,INSTRUMENTAL (USGS),https://earthquake.usgs.gov/earthquakes/eventpage/us6000piak,2025-01-07 07:09:25 NPT
USGS-6000pkqm,2025-01-07,07:08:23,4.3,mb,10,"102 km NNE of Lobuche, Nepal",28.7964,87.2367,USGS,INSTRUMENTAL (USGS),https://earthquake.usgs.gov/earthquakes/eventpage/us6000pkqm,2025-01-07 07:08:23 NPT
USGS-6000pksa,2025-01-07,07:07:42,4.2,mb,10,"107 km NE of Lobuche, Nepal",28.7219,87.4767,USGS,INSTRUMENTAL (USGS),https://earthquake.usgs.gov/earthquakes/eventpage/us6000pksa,2025-01-07 07:07:42 NPT
USGS-6000pkq7,2025-01-07,07:05:47,4.5,mb,10,"70 km NNE of Lobuche, Nepal",28.5147,87.1381,USGS,INSTRUMENTAL (USGS),https://earthquake.usgs.gov/earthquakes/eventpage/us6000pkq7,2025-01-07 07:05:47 NPT
USGS-6000pkq5,2025-01-07,07:03:30,4.6,mb,10,"89 km NE of Lobuche, Nepal",28.5411,87.4266,USGS,INSTRUMENTAL (USGS),https://earthquake.usgs.gov/earthquakes/eventpage/us6000pkq5,2025-01-07 07:03:30 NPT
USGS-6000pks2,2025-01-07,07:02:24,4.7,mb,10,"56 km NE of Lobuche, Nepal",28.3398,87.1798,USGS,INSTRUMENTAL (USGS),https://earthquake.usgs.gov/earthquakes/eventpage/us6000pks2,2025-01-07 07:02:24 NPT
USGS-6000pkpp,2025-01-07,06:59:42,5.2,mb,10,"83 km NE of Lobuche, Nepal",28.5282,87.356,USGS,INSTRUMENTAL (USGS),https://earthquake.usgs.gov/earthquakes/eventpage/us6000pkpp,2025-01-07 06:59:42 NPT
USGS-6000pia7,2025-01-07,06:58:27,5.2,mb,10,Southern Tibetan Plateau,28.4421,87.4659,USGS,INSTRUMENTAL (USGS),https://earthquake.usgs.gov/earthquakes/eventpage/us6000pia7,2025-01-07 06:58:27 NPT
USGS-6000pks6,2025-01-07,06:55:54,5.2,mb,10,"100 km NNE of Lobuche, Nepal",28.8057,87.1343,USGS,INSTRUMENTAL (USGS),https://earthquake.usgs.gov/earthquakes/eventpage/us6000pks6,2025-01-07 06:55:54 NPT
USGS-6000pks1,2025-01-07,06:54:13,5.4,mb,10,"96 km NNE of Lobuche, Nepal",28.7537,87.1968,USGS,INSTRUMENTAL (USGS),https://earthquake.usgs.gov/earthquakes/eventpage/us6000pks1,2025-01-07 06:54:13 NPT
USGS-6000pi9w,2025-01-07,06:50:16,7.1,mww,10,2025 Southern Tibetan Plateau Earthquake,28.6036,87.3781,USGS,INSTRUMENTAL (USGS),https://earthquake.usgs.gov/earthquakes/eventpage/us6000pi9w,2025-01-07 06:50:16 NPT
USGS-6000pi9m,2025-01-07,05:56:50,4.2,mb,10,Southern Tibetan Plateau,28.9374,87.2187,USGS,INSTRUMENTAL (USGS),https://earthquake.usgs.gov/earthquakes/eventpage/us6000pi9m,2025-01-07 05:56:50 NPT
USGS-6000pgkw,2024-12-31,07:53:59,4.1,mb,10,"11 km NNE of Dipayal, Nepal",29.3582,80.9784,USGS,INSTRUMENTAL (USGS),https://earthquake.usgs.gov/earthquakes/eventpage/us6000pgkw,2024-12-31 07:53:59 NPT
USGS-6000piwf,2024-12-28,12:47:12,4,mb,10,Southern Tibetan Plateau,28.3716,86.7157,USGS,INSTRUMENTAL (USGS),https://earthquake.usgs.gov/earthquakes/eventpage/us6000piwf,2024-12-28 12:47:12 NPT
USGS-6000piwc,2024-12-28,11:50:48,4.2,mb,10,Southern Tibetan Plateau,28.2962,87.0514,USGS,INSTRUMENTAL (USGS),https://earthquake.usgs.gov/earthquakes/eventpage/us6000piwc,2024-12-28 11:50:48 NPT
USGS-7000p0hw,2024-12-21,04:14:02,5,mb,10,"60 km WNW of Jumla, Nepal",29.4923,81.6099,USGS,INSTRUMENTAL (USGS),https://earthquake.usgs.gov/earthquakes/eventpage/us7000p0hw,2024-12-21 04:14:02 NPT
USGS-7000nzxt,2024-12-19,07:37:46,4.3,mb,10,"37 km NNE of Pokhara, Nepal",28.5833,84.1037,USGS,INSTRUMENTAL (USGS),https://earthquake.usgs.gov/earthquakes/eventpage/us7000nzxt,2024-12-19 07:37:46 NPT
USGS-7000nzij,2024-12-17,17:08:27,4.4,mb,20.1,"55 km SSE of Burang, China",29.831,81.3883,USGS,INSTRUMENTAL (USGS),https://earthquake.usgs.gov/earthquakes/eventpage/us7000nzij,2024-12-17 17:08:27 NPT
USGS-7000nwwm,2024-12-07,22:53:36,4,mb,35,"51 km NNW of Dhārchula, India",30.2844,80.3295,USGS,INSTRUMENTAL (USGS),https://earthquake.usgs.gov/earthquakes/eventpage/us7000nwwm,2024-12-07 22:53:36 NPT
USGS-7000nrbv,2024-11-12,14:15:35,4.4,mb,10,"16 km NNE of Gyalshing, India",27.4254,88.33,USGS,INSTRUMENTAL (USGS),https://earthquake.usgs.gov/earthquakes/eventpage/us7000nrbv,2024-11-12 14:15:35 NPT
USGS-7000npee,2024-10-14,22:32:47,4,mb,10,"30 km NW of Bhojpur, Nepal",27.3416,86.7989,USGS,INSTRUMENTAL (USGS),https://earthquake.usgs.gov/earthquakes/eventpage/us7000npee,2024-10-14 22:32:47 NPT
USGS-7000nmwq,2024-10-05,09:18:19,4.3,mb,10,"170 km NW of Saga, China",30.5673,84.194,USGS,INSTRUMENTAL (USGS),https://earthquake.usgs.gov/earthquakes/eventpage/us7000nmwq,2024-10-05 09:18:19 NPT
USGS-7000ndu2,2024-09-15,00:06:42,4.4,mb,13.5,"75 km N of Jumla, Nepal",29.9563,82.1893,USGS,INSTRUMENTAL (USGS),https://earthquake.usgs.gov/earthquakes/eventpage/us7000ndu2,2024-09-15 00:06:42 NPT
USGS-6000nns9,2024-08-31,03:46:59,4.1,mb,10,"44 km N of Besisahar, Nepal",28.6347,84.3475,USGS,INSTRUMENTAL (USGS),https://earthquake.usgs.gov/earthquakes/eventpage/us6000nns9,2024-08-31 03:46:59 NPT
USGS-6000nj06,2024-08-09,07:12:10,4.5,mb,35,"5 km NW of Naya Bāzār, India",27.1586,88.1937,USGS,INSTRUMENTAL (USGS),https://earthquake.usgs.gov/earthquakes/eventpage/us6000nj06,2024-08-09 07:12:10 NPT
USGS-6000nhxg,2024-08-03,22:13:40,4.3,mb,10,"188 km ENE of Saga, China",29.9216,87.0502,USGS,INSTRUMENTAL (USGS),https://earthquake.usgs.gov/earthquakes/eventpage/us6000nhxg,2024-08-03 22:13:40 NPT
USGS-7000mzz2,2024-07-18,15:50:29,4.4,mb,10,"178 km ENE of Saga, China",29.8668,86.9588,USGS,INSTRUMENTAL (USGS),https://earthquake.usgs.gov/earthquakes/eventpage/us7000mzz2,2024-07-18 15:50:29 NPT
USGS-7000mz4d,2024-07-14,04:34:33,4.5,mb,10,"189 km ENE of Saga, China",30.0913,86.9812,USGS,INSTRUMENTAL (USGS),https://earthquake.usgs.gov/earthquakes/eventpage/us7000mz4d,2024-07-14 04:34:33 NPT
USGS-7000mydx,2024-07-11,01:34:26,4.1,mb,14.6,"158 km ENE of Saga, China",29.7368,86.7891,USGS,INSTRUMENTAL (USGS),https://earthquake.usgs.gov/earthquakes/eventpage/us7000mydx,2024-07-11 01:34:26 NPT
USGS-7000mqac,2024-05-28,06:58:06,4.3,mb,26.2,"45 km ESE of Dārchulā, Nepal",29.7381,81.0068,USGS,INSTRUMENTAL (USGS),https://earthquake.usgs.gov/earthquakes/eventpage/us7000mqac,2024-05-28 06:58:06 NPT
USGS-6000n167,2024-05-27,04:47:54,4.4,mb,10,"198 km NE of Saga, China",30.7191,86.5185,USGS,INSTRUMENTAL (USGS),https://earthquake.usgs.gov/earthquakes/eventpage/us6000n167,2024-05-27 04:47:54 NPT
USGS-7000m3mf,2024-03-06,10:10:08,4.2,mb,10,"50 km WNW of Burang, China",30.4045,80.6613,USGS,INSTRUMENTAL (USGS),https://earthquake.usgs.gov/earthquakes/eventpage/us7000m3mf,2024-03-06 10:10:08 NPT
USGS-7000m1ln,2024-02-26,17:14:31,4.4,mb,89.5,"86 km WNW of Rikaze, China",29.6188,88.0921,USGS,INSTRUMENTAL (USGS),https://earthquake.usgs.gov/earthquakes/eventpage/us7000m1ln,2024-02-26 17:14:31 NPT
USGS-6000m3ct,2024-01-12,23:32:29,4.3,mb,22.6,"34 km NNE of Dipayal, Nepal",29.522,81.1253,USGS,INSTRUMENTAL (USGS),https://earthquake.usgs.gov/earthquakes/eventpage/us6000m3ct,2024-01-12 23:32:29 NPT
USGS-6000m2d1,2024-01-08,00:31:35,4.2,mb,10,"16 km NW of Namche Bazaar, Nepal",27.9221,86.6116,USGS,INSTRUMENTAL (USGS),https://earthquake.usgs.gov/earthquakes/eventpage/us6000m2d1,2024-01-08 00:31:35 NPT
USGS-6000m2cb,2024-01-07,20:13:32,4.5,mb,10,"44 km ENE of Kodāri̇̄, Nepal",28.0886,86.3806,USGS,INSTRUMENTAL (USGS),https://earthquake.usgs.gov/earthquakes/eventpage/us6000m2cb,2024-01-07 20:13:32 NPT
USGS-6000m2c9,2024-01-07,19:53:34,4.1,mb,10,"40 km WNW of Lobuche, Nepal",28.0794,86.4237,USGS,INSTRUMENTAL (USGS),https://earthquake.usgs.gov/earthquakes/eventpage/us6000m2c9,2024-01-07 19:53:34 NPT
USGS-6000m0uh,2023-12-31,22:21:23,4.6,mb,22.3,"27 km E of Nagarkot, Nepal",27.727,85.799,USGS,INSTRUMENTAL (USGS),https://earthquake.usgs.gov/earthquakes/eventpage/us6000m0uh,2023-12-31 22:21:23 NPT
USGS-7000lg75,2023-12-05,00:49:15,4.4,mb,70.5,"71 km NW of Gyalshing, India",27.8117,87.8388,USGS,INSTRUMENTAL (USGS),https://earthquake.usgs.gov/earthquakes/eventpage/us7000lg75,2023-12-05 00:49:15 NPT
USGS-7000le79,2023-11-28,04:00:46,4.7,mb,74.7,"124 km WSW of Rikaze, China",28.6795,87.7852,USGS,INSTRUMENTAL (USGS),https://earthquake.usgs.gov/earthquakes/eventpage/us7000le79,2023-11-28 04:00:46 NPT
USGS-6000lq54,2023-11-23,01:19:26,3.8,mb,10,"14 km W of Kirtipur, Nepal",27.6889,85.1323,USGS,INSTRUMENTAL (USGS),https://earthquake.usgs.gov/earthquakes/eventpage/us6000lq54,2023-11-23 01:19:26 NPT
USGS-6000lqh4,2023-11-20,11:37:27,4.4,mb,10,"36 km NE of Dipayal, Nepal",29.5224,81.1707,USGS,INSTRUMENTAL (USGS),https://earthquake.usgs.gov/earthquakes/eventpage/us6000lqh4,2023-11-20 11:37:27 NPT
USGS-7000l94m,2023-11-06,16:31:39,5.3,mb,10,"34 km E of Dailekh, Nepal",28.8564,82.0652,USGS,INSTRUMENTAL (USGS),https://earthquake.usgs.gov/earthquakes/eventpage/us7000l94m,2023-11-06 16:31:39 NPT
USGS-7000l8rr,2023-11-04,04:16:34,4,mb,10,"34 km SSE of Jumla, Nepal",28.976,82.2728,USGS,INSTRUMENTAL (USGS),https://earthquake.usgs.gov/earthquakes/eventpage/us7000l8rr,2023-11-04 04:16:34 NPT
USGS-7000l9n0,2023-11-04,00:29:39,4.1,mb,10,"27 km E of Dailekh, Nepal",28.8332,81.9912,USGS,INSTRUMENTAL (USGS),https://earthquake.usgs.gov/earthquakes/eventpage/us7000l9n0,2023-11-04 00:29:39 NPT
EQ-2023-JAJARKOT-M57,2023-11-03,23:47:54,5.7,mww,15.0,"Ramidanda, Jajarkot, Karnali Province",28.847,82.189,"NEMRC, USGS",VERIFIED (HIGH),https://earthquake.usgs.gov/earthquakes/eventpage/us7000l7uh,2023-11-03 23:47:54 NPT
USGS-7000l8p5,2023-11-03,23:47:53,5.7,mww,12,"43 km E of Dailekh, Nepal",28.858,82.1531,USGS,INSTRUMENTAL (USGS),https://earthquake.usgs.gov/earthquakes/eventpage/us7000l8p5,2023-11-03 23:47:53 NPT
USGS-7000l6ai,2023-10-22,17:31:45,4,mb,26.7,"28 km NE of Bharatpur, Nepal",27.8519,84.646,USGS,INSTRUMENTAL (USGS),https://earthquake.usgs.gov/earthquakes/eventpage/us7000l6ai,2023-10-22 17:31:45 NPT
USGS-6000lh8c,2023-10-22,07:39:21,5.2,mb,25.7,"36 km NE of Bharatpur, Nepal",27.8879,84.7252,USGS,INSTRUMENTAL (USGS),https://earthquake.usgs.gov/earthquakes/eventpage/us6000lh8c,2023-10-22 07:39:21 NPT
USGS-6000lgeh,2023-10-18,22:03:48,4.5,mb,10,"60 km NE of Dipayal, Nepal",29.6681,81.357,USGS,INSTRUMENTAL (USGS),https://earthquake.usgs.gov/earthquakes/eventpage/us6000lgeh,2023-10-18 22:03:48 NPT
USGS-6000lfu1,2023-10-16,09:26:40,4.2,mb,10,"36 km NE of Dārchulā, Nepal",30.0924,80.7774,USGS,INSTRUMENTAL (USGS),https://earthquake.usgs.gov/earthquakes/eventpage/us6000lfu1,2023-10-16 09:26:40 NPT
USGS-6000lf7f,2023-10-13,01:51:44,4.4,mb,10,"43 km NE of Dipayal, Nepal",29.5722,81.2129,USGS,INSTRUMENTAL (USGS),https://earthquake.usgs.gov/earthquakes/eventpage/us6000lf7f,2023-10-13 01:51:44 NPT
USGS-6000lewe,2023-10-12,00:22:21,4.8,mb,10,"43 km NNE of Dipayal, Nepal",29.5869,81.1801,USGS,INSTRUMENTAL (USGS),https://earthquake.usgs.gov/earthquakes/eventpage/us6000lewe,2023-10-12 00:22:21 NPT
USGS-6000le2i,2023-10-09,01:31:32,4.4,mb,10,"197 km NE of Saga, China",30.798,86.3755,USGS,INSTRUMENTAL (USGS),https://earthquake.usgs.gov/earthquakes/eventpage/us6000le2i,2023-10-09 01:31:32 NPT
USGS-6000ldp9,2023-10-07,11:45:01,5,mb,10,"38 km NE of Dipayal, Nepal",29.5133,81.2055,USGS,INSTRUMENTAL (USGS),https://earthquake.usgs.gov/earthquakes/eventpage/us6000ldp9,2023-10-07 11:45:01 NPT
USGS-6000lcn8,2023-10-04,05:43:04,4.3,mb,10,"61 km NNE of Dipayal, Nepal",29.7245,81.2904,USGS,INSTRUMENTAL (USGS),https://earthquake.usgs.gov/earthquakes/eventpage/us6000lcn8,2023-10-04 05:43:04 NPT
USGS-6000ldjg,2023-10-04,00:50:41,4.4,mb,10,"36 km NE of Dipayal, Nepal",29.5231,81.1691,USGS,INSTRUMENTAL (USGS),https://earthquake.usgs.gov/earthquakes/eventpage/us6000ldjg,2023-10-04 00:50:41 NPT
USGS-6000lchg,2023-10-03,17:38:17,4.5,mb,10,"35 km NE of Dipayal, Nepal",29.5106,81.1706,USGS,INSTRUMENTAL (USGS),https://earthquake.usgs.gov/earthquakes/eventpage/us6000lchg,2023-10-03 17:38:17 NPT
USGS-6000lch4,2023-10-03,17:19:10,4.8,mb,10,"45 km NE of Dipayal, Nepal",29.5637,81.257,USGS,INSTRUMENTAL (USGS),https://earthquake.usgs.gov/earthquakes/eventpage/us6000lch4,2023-10-03 17:19:10 NPT
USGS-6000ldjs,2023-10-03,15:18:05,4.2,mb,10,"17 km ENE of Dipayal, Nepal",29.3074,81.1092,USGS,INSTRUMENTAL (USGS),https://earthquake.usgs.gov/earthquakes/eventpage/us6000ldjs,2023-10-03 15:18:05 NPT
USGS-6000ldiq,2023-10-03,15:13:43,4.8,mb,10,"25 km E of Dipayal, Nepal",29.2397,81.2051,USGS,INSTRUMENTAL (USGS),https://earthquake.usgs.gov/earthquakes/eventpage/us6000ldiq,2023-10-03 15:13:43 NPT
USGS-6000lcgj,2023-10-03,15:06:03,5.7,mww,13,"39 km NE of Dipayal, Nepal",29.4973,81.242,USGS,INSTRUMENTAL (USGS),https://earthquake.usgs.gov/earthquakes/eventpage/us6000lcgj,2023-10-03 15:06:03 NPT
EQ-2023-BAJHANG-M63,2023-10-03,14:56:00,6.3,mww,10.0,"Chainpur, Bajhang, Sudurpashchim Province",29.58,81.18,"NEMRC, USGS",VERIFIED (HIGH),https://earthquake.usgs.gov/earthquakes/eventpage/us6000lh7q,2023-10-03 14:56:00 NPT
USGS-6000lcfg,2023-10-03,14:40:50,4.9,mb,10,"34 km NE of Dipayal, Nepal",29.459,81.2188,USGS,INSTRUMENTAL (USGS),https://earthquake.usgs.gov/earthquakes/eventpage/us6000lcfg,2023-10-03 14:40:50 NPT
USGS-7000kpar,2023-08-18,23:34:38,4.3,mb,79.5,"50 km NE of Lobuche, Nepal",28.2888,87.1512,USGS,INSTRUMENTAL (USGS),https://earthquake.usgs.gov/earthquakes/eventpage/us7000kpar,2023-08-18 23:34:38 NPT
USGS-6000ky67,2023-08-06,01:49:11,4.3,mb,10,western Xizang-India border region,30.2183,80.7013,USGS,INSTRUMENTAL (USGS),https://earthquake.usgs.gov/earthquakes/eventpage/us6000ky67,2023-08-06 01:49:11 NPT
USGS-7000k9l7,2023-06-12,07:38:56,4.3,mb,27.2,"75 km SSE of Burang, China",29.71,81.5777,USGS,INSTRUMENTAL (USGS),https://earthquake.usgs.gov/earthquakes/eventpage/us7000k9l7,2023-06-12 07:38:56 NPT
USGS-7000k3ch,2023-05-24,04:06:48,4.3,mb,10,"52 km NE of Dipayal, Nepal",29.6551,81.2484,USGS,INSTRUMENTAL (USGS),https://earthquake.usgs.gov/earthquakes/eventpage/us7000k3ch,2023-05-24 04:06:48 NPT
USGS-6000k9zr,2023-05-06,13:46:03,4.3,mb,42.6,"107 km N of Lobuche, Nepal",28.9028,86.6245,USGS,INSTRUMENTAL (USGS),https://earthquake.usgs.gov/earthquakes/eventpage/us6000k9zr,2023-05-06 13:46:03 NPT
USGS-7000jwdq,2023-04-28,01:30:53,5.1,mb,10,"72 km NE of Dipayal, Nepal",29.6212,81.5483,USGS,INSTRUMENTAL (USGS),https://earthquake.usgs.gov/earthquakes/eventpage/us7000jwdq,2023-04-28 01:30:53 NPT
USGS-7000jwcr,2023-04-27,23:58:51,4.5,mb,10,"66 km ENE of Dipayal, Nepal",29.5729,81.5302,USGS,INSTRUMENTAL (USGS),https://earthquake.usgs.gov/earthquakes/eventpage/us7000jwcr,2023-04-27 23:58:51 NPT
USGS-6000k3n5,2023-04-12,05:50:08,4,mb,10,Nepal-India border region,26.0018,87.3828,USGS,INSTRUMENTAL (USGS),https://earthquake.usgs.gov/earthquakes/eventpage/us6000k3n5,2023-04-12 05:50:08 NPT
USGS-6000k2vg,2023-04-08,20:29:49,4.3,mb,68.0,"79 km N of Lobuche, Nepal",28.6582,86.7146,USGS,INSTRUMENTAL (USGS),https://earthquake.usgs.gov/earthquakes/eventpage/us6000k2vg,2023-04-08 20:29:49 NPT
USGS-6000k1b0,2023-04-01,11:27:20,4.5,mb,10,"38 km SSE of Kodāri̇̄, Nepal",27.6685,86.1761,USGS,INSTRUMENTAL (USGS),https://earthquake.usgs.gov/earthquakes/eventpage/us6000k1b0,2023-04-01 11:27:20 NPT
USGS-7000jmc0,2023-03-24,09:51:24,4.2,mb,30.9,"52 km NW of Jumla, Nepal",29.6326,81.828,USGS,INSTRUMENTAL (USGS),https://earthquake.usgs.gov/earthquakes/eventpage/us7000jmc0,2023-03-24 09:51:24 NPT
USGS-7000jgsb,2023-03-02,13:57:56,4,mb,10,"64 km NE of Lobuche, Nepal",28.3307,87.3045,USGS,INSTRUMENTAL (USGS),https://earthquake.usgs.gov/earthquakes/eventpage/us7000jgsb,2023-03-02 13:57:56 NPT
USGS-7000jhnm,2023-02-26,12:51:04,4.3,mb,10,Nepal,29.7352,81.127,USGS,INSTRUMENTAL (USGS),https://earthquake.usgs.gov/earthquakes/eventpage/us7000jhnm,2023-02-26 12:51:04 NPT
USGS-6000jqqz,2023-02-22,13:45:22,4.8,mb,20.9,"70 km WNW of Jumla, Nepal",29.6254,81.5737,USGS,INSTRUMENTAL (USGS),https://earthquake.usgs.gov/earthquakes/eventpage/us6000jqqz,2023-02-22 13:45:22 NPT
USGS-6000jni5,2023-02-13,04:30:05,4,mb,60.9,"73 km NW of Mangan, India",27.986,88.0003,USGS,INSTRUMENTAL (USGS),https://earthquake.usgs.gov/earthquakes/eventpage/us6000jni5,2023-02-13 04:30:05 NPT
USGS-6000jivm,2023-01-24,14:43:33,5.4,mww,33.1,"60 km NW of Jumla, Nepal",29.5825,81.6638,USGS,INSTRUMENTAL (USGS),https://earthquake.usgs.gov/earthquakes/eventpage/us6000jivm,2023-01-24 14:43:33 NPT
USGS-7000j0i3,2022-12-28,02:07:03,4.6,mb,18.6,"48 km WNW of B?glung, Nepal",28.4898,83.1553,USGS,INSTRUMENTAL (USGS),https://earthquake.usgs.gov/earthquakes/eventpage/us7000j0i3,2022-12-28 02:07:03 NPT
USGS-7000j0hw,2022-12-28,01:23:12,4,mb,24.6,"55 km N of Chitre, Nepal",28.926,83.6137,USGS,INSTRUMENTAL (USGS),https://earthquake.usgs.gov/earthquakes/eventpage/us7000j0hw,2022-12-28 01:23:12 NPT
USGS-7000j29h,2022-12-23,07:16:21,4.5,mb,10,Nepal,28.4999,83.1015,USGS,INSTRUMENTAL (USGS),https://earthquake.usgs.gov/earthquakes/eventpage/us7000j29h,2022-12-23 07:16:21 NPT
USGS-7000j29m,2022-12-23,07:15:55,4.2,mb,10,"58 km WNW of B?glung, Nepal",28.5471,83.0809,USGS,INSTRUMENTAL (USGS),https://earthquake.usgs.gov/earthquakes/eventpage/us7000j29m,2022-12-23 07:15:55 NPT
USGS-7000ipbc,2022-11-12,20:12:05,5.2,mww,10,"25 km ENE of Dipayal, Nepal",29.3523,81.1777,USGS,INSTRUMENTAL (USGS),https://earthquake.usgs.gov/earthquakes/eventpage/us7000ipbc,2022-11-12 20:12:05 NPT
USGS-7000innz,2022-11-10,05:13:02,4.3,mb,10,Nepal,29.352,81.1564,USGS,INSTRUMENTAL (USGS),https://earthquake.usgs.gov/earthquakes/eventpage/us7000innz,2022-11-10 05:13:02 NPT
USGS-7000ine2,2022-11-09,06:42:14,4.4,mb,23.0,"26 km WNW of Dh?rchula, India",29.9803,80.2903,USGS,INSTRUMENTAL (USGS),https://earthquake.usgs.gov/earthquakes/eventpage/us7000ine2,2022-11-09 06:42:14 NPT
USGS-7000incn,2022-11-09,02:12:22,5.7,mww,11,Nepal,29.2917,81.1593,USGS,INSTRUMENTAL (USGS),https://earthquake.usgs.gov/earthquakes/eventpage/us7000incn,2022-11-09 02:12:22 NPT
EQ-2022-DOTI-M66,2022-11-09,02:12:00,6.6,mww,15.7,"Purbichauki, Doti, Sudurpashchim Province",29.28,81.15,"NEMRC, USGS",VERIFIED (HIGH),https://earthquake.usgs.gov/earthquakes/eventpage/us7000in3e,2022-11-09 02:12:00 NPT
USGS-7000inan,2022-11-08,21:07:35,4.7,mb,10,"26 km ENE of Dipayal, Nepal",29.3448,81.1922,USGS,INSTRUMENTAL (USGS),https://earthquake.usgs.gov/earthquakes/eventpage/us7000inan,2022-11-08 21:07:35 NPT
USGS-7000in6q,2022-11-08,04:52:22,4.2,mb,10,"108 km N of Lobujya, Nepal",28.9207,86.6701,USGS,INSTRUMENTAL (USGS),https://earthquake.usgs.gov/earthquakes/eventpage/us7000in6q,2022-11-08 04:52:22 NPT
USGS-7000imxk,2022-11-06,22:13:40,4,mb,10,"59 km NNW of Mangan, India",27.9764,88.2153,USGS,INSTRUMENTAL (USGS),https://earthquake.usgs.gov/earthquakes/eventpage/us7000imxk,2022-11-06 22:13:40 NPT
USGS-7000ila6,2022-10-30,09:26:50,4.5,mb,10,"36 km NNE of Dipayal, Nepal",29.5573,81.0921,USGS,INSTRUMENTAL (USGS),https://earthquake.usgs.gov/earthquakes/eventpage/us7000ila6,2022-10-30 09:26:50 NPT
USGS-6000iw2g,2022-10-19,15:53:35,4.2,mb,22.2,"16 km SSE of Kod?ri??, Nepal",27.8248,86.0362,USGS,INSTRUMENTAL (USGS),https://earthquake.usgs.gov/earthquakes/eventpage/us6000iw2g,2022-10-19 15:53:35 NPT
USGS-6000iut9,2022-10-19,15:07:40,4.9,mb,23.9,"10 km SE of Kod?ri??, Nepal",27.894,86.0386,USGS,INSTRUMENTAL (USGS),https://earthquake.usgs.gov/earthquakes/eventpage/us6000iut9,2022-10-19 15:07:40 NPT
USGS-6000ic7w,2022-08-20,01:27:42,4.9,mb,10,"12 km NE of Dhaurahra, India",28.0619,81.1968,USGS,INSTRUMENTAL (USGS),https://earthquake.usgs.gov/earthquakes/eventpage/us6000ic7w,2022-08-20 01:27:42 NPT
USGS-6000i8js,2022-08-06,05:26:04,4.4,mb,10,"31 km WNW of Kirtipur, Nepal",27.7936,84.9833,USGS,INSTRUMENTAL (USGS),https://earthquake.usgs.gov/earthquakes/eventpage/us6000i8js,2022-08-06 05:26:04 NPT
USGS-6000i6vr,2022-07-31,08:13:08,5.1,mb,10,"26 km W of Bhojpur, Nepal",27.1316,86.7827,USGS,INSTRUMENTAL (USGS),https://earthquake.usgs.gov/earthquakes/eventpage/us6000i6vr,2022-07-31 08:13:08 NPT
USGS-7000ht82,2022-07-25,06:07:09,4.3,mb,10,"20 km NNE of Nagarkot, Nepal",27.8961,85.5825,USGS,INSTRUMENTAL (USGS),https://earthquake.usgs.gov/earthquakes/eventpage/us7000ht82,2022-07-25 06:07:09 NPT
USGS-6000i3gw,2022-07-10,19:49:39,4.2,mb,10,"37 km SE of D?rchul?, Nepal",29.6405,80.8736,USGS,INSTRUMENTAL (USGS),https://earthquake.usgs.gov/earthquakes/eventpage/us6000i3gw,2022-07-10 19:49:39 NPT
USGS-7000hjf5,2022-06-23,03:56:46,4.6,mb,10,"14 km ESE of Chitre, Nepal",28.3742,83.8247,USGS,INSTRUMENTAL (USGS),https://earthquake.usgs.gov/earthquakes/eventpage/us7000hjf5,2022-06-23 03:56:46 NPT
USGS-7000hgnj,2022-06-11,02:36:21,3.6,mb,15.0,"5 km NE of Madhyapur Thimi, Nepal",27.7199,85.4181,USGS,INSTRUMENTAL (USGS),https://earthquake.usgs.gov/earthquakes/eventpage/us7000hgnj,2022-06-11 02:36:21 NPT
USGS-6000hmu1,2022-05-21,08:30:09,4.2,mb,70.8,"43 km NE of Kod?ri??, Nepal",28.2186,86.2888,USGS,INSTRUMENTAL (USGS),https://earthquake.usgs.gov/earthquakes/eventpage/us6000hmu1,2022-05-21 08:30:09 NPT
USGS-7000h8ii,2022-05-11,10:18:11,4.9,mb,33.1,"16 km NW of Dh?rchula, India",29.9682,80.4219,USGS,INSTRUMENTAL (USGS),https://earthquake.usgs.gov/earthquakes/eventpage/us7000h8ii,2022-05-11 10:18:11 NPT
USGS-7000h0xr,2022-04-10,00:23:37,4.2,mb,10,"99 km NNW of Lobujya, Nepal",28.8085,86.5315,USGS,INSTRUMENTAL (USGS),https://earthquake.usgs.gov/earthquakes/eventpage/us7000h0xr,2022-04-10 00:23:37 NPT
USGS-7000gen0,2022-01-25,01:23:59,4,mb,10,"21 km NW of Dh?rchula, India",29.9803,80.3548,USGS,INSTRUMENTAL (USGS),https://earthquake.usgs.gov/earthquakes/eventpage/us7000gen0,2022-01-25 01:23:59 NPT
USGS-7000gdvm,2022-01-13,08:58:54,4.1,mb,10,"126 km WSW of Rikaze, China",28.8094,87.6854,USGS,INSTRUMENTAL (USGS),https://earthquake.usgs.gov/earthquakes/eventpage/us7000gdvm,2022-01-13 08:58:54 NPT
USGS-7000g9pj,2022-01-07,00:14:13,4.4,mb,10,"38 km NNE of Pachperwa, India",27.8305,82.8074,USGS,INSTRUMENTAL (USGS),https://earthquake.usgs.gov/earthquakes/eventpage/us7000g9pj,2022-01-07 00:14:13 NPT
USGS-7000gakz,2021-12-30,00:53:19,4.5,mb,10,"18 km WNW of Dh?rchula, India",29.9056,80.3449,USGS,INSTRUMENTAL (USGS),https://earthquake.usgs.gov/earthquakes/eventpage/us7000gakz,2021-12-30 00:53:19 NPT
USGS-6000gda6,2021-12-18,06:14:25,4,mb,10,"99 km NE of Lobujya, Nepal",28.5625,87.5592,USGS,INSTRUMENTAL (USGS),https://earthquake.usgs.gov/earthquakes/eventpage/us6000gda6,2021-12-18 06:14:25 NPT
USGS-6000gbxb,2021-12-08,10:08:25,4.2,mb,41.3,"121 km NE of Lobujya, Nepal",28.8093,87.5826,USGS,INSTRUMENTAL (USGS),https://earthquake.usgs.gov/earthquakes/eventpage/us6000gbxb,2021-12-08 10:08:25 NPT
USGS-7000fs8a,2021-11-07,22:05:46,4.6,mb,10,"17 km ESE of Gangtok, India",27.271,88.7826,USGS,INSTRUMENTAL (USGS),https://earthquake.usgs.gov/earthquakes/eventpage/us7000fs8a,2021-11-07 22:05:46 NPT
USGS-7000frkq,2021-11-05,07:33:32,5,mb,10,"115 km NNE of Lobujya, Nepal",28.8267,87.4455,USGS,INSTRUMENTAL (USGS),https://earthquake.usgs.gov/earthquakes/eventpage/us7000frkq,2021-11-05 07:33:32 NPT
USGS-6000fwqi,2021-10-18,16:17:14,4.7,mb,10,"95 km NNE of Lobujya, Nepal",28.7052,87.2852,USGS,INSTRUMENTAL (USGS),https://earthquake.usgs.gov/earthquakes/eventpage/us6000fwqi,2021-10-18 16:17:14 NPT
USGS-6000fwqa,2021-10-18,13:56:56,4.2,mb,10,"24 km NE of Nagarkot, Nepal",27.8507,85.7193,USGS,INSTRUMENTAL (USGS),https://earthquake.usgs.gov/earthquakes/eventpage/us6000fwqa,2021-10-18 13:56:56 NPT
USGS-6000fvsc,2021-10-18,13:46:37,4.3,mb,10,"16 km WSW of Kod?ri??, Nepal",27.901,85.8004,USGS,INSTRUMENTAL (USGS),https://earthquake.usgs.gov/earthquakes/eventpage/us6000fvsc,2021-10-18 13:46:37 NPT
USGS-6000fw5g,2021-10-15,16:20:42,4.1,mb,10,"124 km WSW of Rikaze, China",28.9582,87.6528,USGS,INSTRUMENTAL (USGS),https://earthquake.usgs.gov/earthquakes/eventpage/us6000fw5g,2021-10-15 16:20:42 NPT
USGS-6000fscx,2021-10-01,12:54:27,4.5,mb,10,"33 km SSE of Kod?ri??, Nepal",27.694,86.111,USGS,INSTRUMENTAL (USGS),https://earthquake.usgs.gov/earthquakes/eventpage/us6000fscx,2021-10-01 12:54:27 NPT
USGS-7000fc3k,2021-09-12,20:41:15,4.4,mb,10,"47 km ESE of Dhulikhel, Nepal",27.4834,85.9978,USGS,INSTRUMENTAL (USGS),https://earthquake.usgs.gov/earthquakes/eventpage/us7000fc3k,2021-09-12 20:41:15 NPT
USGS-6000eyy4,2021-07-25,20:54:21,4.5,mb,10,"7 km NE of Gyalshing, India",27.3429,88.3092,USGS,INSTRUMENTAL (USGS),https://earthquake.usgs.gov/earthquakes/eventpage/us6000eyy4,2021-07-25 20:54:21 NPT
USGS-7000eew5,2021-06-21,15:51:50,4.3,mb,10,"150 km NNE of Lobujya, Nepal",29.2822,87.124,USGS,INSTRUMENTAL (USGS),https://earthquake.usgs.gov/earthquakes/eventpage/us7000eew5,2021-06-21 15:51:50 NPT
USGS-7000e680,2021-05-26,02:31:06,4.5,mb,10,"118 km ESE of Saga, China",28.9684,86.3755,USGS,INSTRUMENTAL (USGS),https://earthquake.usgs.gov/earthquakes/eventpage/us7000e680,2021-05-26 02:31:06 NPT
USGS-7000e4ij,2021-05-19,22:39:29,4.5,mb,10,"41 km E of Pokhara, Nepal",28.2544,84.3876,USGS,INSTRUMENTAL (USGS),https://earthquake.usgs.gov/earthquakes/eventpage/us7000e4ij,2021-05-19 22:39:29 NPT
USGS-7000e4bb,2021-05-19,08:26:38,4.9,mb,10,"33 km E of Pokhara, Nepal",28.3088,84.3042,USGS,INSTRUMENTAL (USGS),https://earthquake.usgs.gov/earthquakes/eventpage/us7000e4bb,2021-05-19 08:26:38 NPT
USGS-7000e4aq,2021-05-19,05:42:58,5.3,mb,10,"36 km E of Pokhara, Nepal",28.2785,84.3373,USGS,INSTRUMENTAL (USGS),https://earthquake.usgs.gov/earthquakes/eventpage/us7000e4aq,2021-05-19 05:42:58 NPT
USGS-7000dy98,2021-04-22,08:53:52,4.1,mb,10,"207 km NW of Rikaze, China",30.3858,87.1751,USGS,INSTRUMENTAL (USGS),https://earthquake.usgs.gov/earthquakes/eventpage/us7000dy98,2021-04-22 08:53:52 NPT
USGS-6000dzbe,2021-04-06,07:21:55,3.9,mb,10,"15 km E of Odl?b?ri, India",26.8176,88.7828,USGS,INSTRUMENTAL (USGS),https://earthquake.usgs.gov/earthquakes/eventpage/us6000dzbe,2021-04-06 07:21:55 NPT
USGS-6000dz5d,2021-04-05,21:04:57,5.2,mb,10,"35 km NNW of Samtse, Bhutan",27.1863,88.9412,USGS,INSTRUMENTAL (USGS),https://earthquake.usgs.gov/earthquakes/eventpage/us6000dz5d,2021-04-05 21:04:57 NPT
USGS-7000djtf,2021-03-16,19:01:08,4.6,mb,10,"143 km NE of Saga, China",30.1485,86.3698,USGS,INSTRUMENTAL (USGS),https://earthquake.usgs.gov/earthquakes/eventpage/us7000djtf,2021-03-16 19:01:08 NPT
USGS-7000de7r,2021-02-28,01:48:45,4.1,mb,15.4,"104 km NNW of Lobujya, Nepal",28.8397,86.469,USGS,INSTRUMENTAL (USGS),https://earthquake.usgs.gov/earthquakes/eventpage/us7000de7r,2021-02-28 01:48:45 NPT
USGS-6000dfsj,2021-02-09,07:35:07,4.3,mb,35,"87 km NW of Mangan, India",28.0331,87.8568,USGS,INSTRUMENTAL (USGS),https://earthquake.usgs.gov/earthquakes/eventpage/us6000dfsj,2021-02-09 07:35:07 NPT
USGS-6000decu,2021-02-04,10:51:23,5.1,mb,10,"104 km NNE of Lobujya, Nepal",28.7463,87.3785,USGS,INSTRUMENTAL (USGS),https://earthquake.usgs.gov/earthquakes/eventpage/us6000decu,2021-02-04 10:51:23 NPT
USGS-6000ddxt,2021-02-02,21:59:13,4.5,mb,29.4,"52 km NE of Chitre, Nepal",28.8039,84.0135,USGS,INSTRUMENTAL (USGS),https://earthquake.usgs.gov/earthquakes/eventpage/us6000ddxt,2021-02-02 21:59:13 NPT
USGS-6000ddsr,2021-02-02,08:16:13,5,mww,8.7,"110 km NNE of Lobujya, Nepal",28.8225,87.362,USGS,INSTRUMENTAL (USGS),https://earthquake.usgs.gov/earthquakes/eventpage/us6000ddsr,2021-02-02 08:16:13 NPT
USGS-7000d1qk,2021-01-11,19:44:49,4.1,mb,35,"92 km NE of Kh??db?ri??, Nepal",28.028,87.7888,USGS,INSTRUMENTAL (USGS),https://earthquake.usgs.gov/earthquakes/eventpage/us7000d1qk,2021-01-11 19:44:49 NPT
USGS-6000crma,2020-11-23,19:26:45,4.4,mb,10,"80 km NNE of Lobujya, Nepal",28.5808,87.2271,USGS,INSTRUMENTAL (USGS),https://earthquake.usgs.gov/earthquakes/eventpage/us6000crma,2020-11-23 19:26:45 NPT
USGS-7000ck3c,2020-11-23,19:21:04,4.5,mb,27.7,"25 km NW of Kh??db?ri??, Nepal",27.5457,87.0358,USGS,INSTRUMENTAL (USGS),https://earthquake.usgs.gov/earthquakes/eventpage/us7000ck3c,2020-11-23 19:21:04 NPT
USGS-6000crcf,2020-11-22,03:34:21,4.5,mb,10,"128 km NW of Rikaze, China",30.1884,88.1002,USGS,INSTRUMENTAL (USGS),https://earthquake.usgs.gov/earthquakes/eventpage/us6000crcf,2020-11-22 03:34:21 NPT
USGS-7000cc8m,2020-11-09,03:29:14,4.1,mb,10,"68 km NE of Kh??db?ri??, Nepal",27.7299,87.7713,USGS,INSTRUMENTAL (USGS),https://earthquake.usgs.gov/earthquakes/eventpage/us7000cc8m,2020-11-09 03:29:14 NPT
USGS-7000c9s1,2020-10-29,00:19:26,4.2,mb,10,"16 km NNW of Dipayal, Nepal",29.4069,80.8988,USGS,INSTRUMENTAL (USGS),https://earthquake.usgs.gov/earthquakes/eventpage/us7000c9s1,2020-10-29 00:19:26 NPT
USGS-7000bnsh,2020-09-16,05:19:03,5.3,mb,10,"14 km SSW of Kod?ri??, Nepal",27.8464,85.8765,USGS,INSTRUMENTAL (USGS),https://earthquake.usgs.gov/earthquakes/eventpage/us7000bnsh,2020-09-16 05:19:03 NPT
USGS-7000blkr,2020-09-11,09:30:52,4.4,mb,10,"40 km NNW of Il?m, Nepal",27.2464,87.7715,USGS,INSTRUMENTAL (USGS),https://earthquake.usgs.gov/earthquakes/eventpage/us7000blkr,2020-09-11 09:30:52 NPT
USGS-7000bcp6,2020-08-25,21:09:34,4.3,mb,10,"32 km N of Dipayal, Nepal",29.556,80.9299,USGS,INSTRUMENTAL (USGS),https://earthquake.usgs.gov/earthquakes/eventpage/us7000bcp6,2020-08-25 21:09:34 NPT
USGS-6000bjg8,2020-08-23,22:52:43,4.5,mb,10,"183 km NW of Rikaze, China",30.3934,87.5035,USGS,INSTRUMENTAL (USGS),https://earthquake.usgs.gov/earthquakes/eventpage/us6000bjg8,2020-08-23 22:52:43 NPT
USGS-6000b6f4,2020-07-30,02:39:26,4.1,mb,10,"101 km N of Mangan, India",28.4107,88.3259,USGS,INSTRUMENTAL (USGS),https://earthquake.usgs.gov/earthquakes/eventpage/us6000b6f4,2020-07-30 02:39:26 NPT
USGS-6000b3nm,2020-07-25,01:31:04,4.3,mb,10,"196 km NW of Rikaze, China",30.4782,87.4178,USGS,INSTRUMENTAL (USGS),https://earthquake.usgs.gov/earthquakes/eventpage/us6000b3nm,2020-07-25 01:31:04 NPT
USGS-6000a3bl,2020-05-30,21:36:39,4.3,mb,10,"45 km WNW of Kirtipur, Nepal",27.8896,84.8784,USGS,INSTRUMENTAL (USGS),https://earthquake.usgs.gov/earthquakes/eventpage/us6000a3bl,2020-05-30 21:36:39 NPT
USGS-70009ett,2020-05-12,23:53:38,4.9,mb,10,"29 km SSE of Kod?ri??, Nepal",27.7046,86.0378,USGS,INSTRUMENTAL (USGS),https://earthquake.usgs.gov/earthquakes/eventpage/us70009ett,2020-05-12 23:53:38 NPT
USGS-70008ffi,2020-03-25,05:24:29,4,mb,10,"83 km NNE of Lobujya, Nepal",28.6107,87.2197,USGS,INSTRUMENTAL (USGS),https://earthquake.usgs.gov/earthquakes/eventpage/us70008ffi,2020-03-25 05:24:29 NPT
USGS-70008cld,2020-03-20,07:18:15,5.7,mww,10,"85 km NE of Lobujya, Nepal",28.5896,87.3081,USGS,INSTRUMENTAL (USGS),https://earthquake.usgs.gov/earthquakes/eventpage/us70008cld,2020-03-20 07:18:15 NPT
USGS-60008g2y,2020-03-15,20:45:17,4.3,mb,10,"5 km S of B?glung, Nepal",28.2184,83.5923,USGS,INSTRUMENTAL (USGS),https://earthquake.usgs.gov/earthquakes/eventpage/us60008g2y,2020-03-15 20:45:17 NPT
USGS-70006yvh,2020-01-13,02:07:02,4.3,mb,10,"61 km WNW of Jumla, Nepal",29.4841,81.5921,USGS,INSTRUMENTAL (USGS),https://earthquake.usgs.gov/earthquakes/eventpage/us70006yvh,2020-01-13 02:07:02 NPT
USGS-60007et1,2020-01-12,20:19:14,4.4,mb,10,"51 km WNW of Jumla, Nepal",29.4848,81.705,USGS,INSTRUMENTAL (USGS),https://earthquake.usgs.gov/earthquakes/eventpage/us60007et1,2020-01-12 20:19:14 NPT
USGS-70006uzp,2020-01-05,19:01:52,4.3,mb,10,"119 km NNE of Saga, China",30.3664,85.5587,USGS,INSTRUMENTAL (USGS),https://earthquake.usgs.gov/earthquakes/eventpage/us70006uzp,2020-01-05 19:01:52 NPT
USGS-70006uzj,2020-01-05,18:59:02,4.4,mb,10,"74 km NNE of Saga, China",29.9815,85.4049,USGS,INSTRUMENTAL (USGS),https://earthquake.usgs.gov/earthquakes/eventpage/us70006uzj,2020-01-05 18:59:02 NPT
EQ-2015-KODARI-M73,2015-05-12,12:50:19,7.3,mww,15.0,"Kodari / Dolakha, Bagmati Province",27.809,86.066,"NEMRC, USGS",VERIFIED (HIGH),https://earthquake.usgs.gov/earthquakes/eventpage/us20002ejt,2015-05-12 12:50:19 NPT
EQ-2015-GORKHA-M78,2015-04-25,11:56:26,7.8,mww,8.2,"Barpak, Gorkha, Gandaki Province",28.231,84.731,"NEMRC, USGS, CENC",VERIFIED (HIGH),https://earthquake.usgs.gov/earthquakes/eventpage/official20150425061125790_30,2015-04-25 11:56:26 NPT
EQ-1988-UDAYAPUR-M69,1988-08-19,04:45:00,6.9,ms,57.0,"Murkuchi, Udayapur, Koshi Province",26.755,86.616,"NEMRC, ISC",HISTORICAL BENCHMARK,https://seismonepal.gov.np/,1988-08-19 04:45:00 NPT
EQ-1934-BIHAR-NEPAL-M80,1934-01-14,17:45:00,8.0,mw,15.0,Chainpur / Sankhuwasabha - Bihar Border,26.5,86.5,"GSI, Historical Archives",HISTORICAL BENCHMARK,https://seismonepal.gov.np/,1934-01-14 17:45:00 NPT
